 date     , product_id   , purchase , add_to_cart , click , view  
1012024, DQProduk-001 ,87,979,3434,6631
1012024, DQProduk-003 ,9,90,353,535
1012024, DQProduk-009 ,98,927,4573,8043
2012024, DQProduk-001 ,193,1881,6648,7044
2012024, DQProduk-009 ,36,390,1298,1542
3012024, DQProduk-001 ,22,233,1229,2246
3012024, DQProduk-003 ,11,89,385,701
3012024, DQProduk-009 ,28,324,1289,1579
4012024, DQProduk-001 ,58,607,2591,3871
4012024, DQProduk-003 ,21,170,883,1614
4012024, DQProduk-009 ,22,253,1138,1805
5012024, DQProduk-001 ,160,1777,6372,11430
5012024, DQProduk-009 ,125,1124,6151,8409
6012024, DQProduk-001 ,219,2539,9266,16313
6012024, DQProduk-009 ,145,1464,6157,9985
7012024, DQProduk-001 ,38,402,1850,2296
7012024, DQProduk-009 ,115,1216,4821,5543
8012024, DQProduk-001 ,138,1493,4766,8094
8012024, DQProduk-003 ,12,141,686,1068
8012024, DQProduk-009 ,106,968,3272,5452
9012024, DQProduk-001 ,135,1186,4849,5088
9012024, DQProduk-003 ,5,58,77024,18144
9012024, DQProduk-009 ,19,214,865,1584
10012024, DQProduk-001 ,117,1038,5704,7842
10012024, DQProduk-009 ,77,791,3911,4480
11012024, DQProduk-001 ,99,955,5087,8231
11012024, DQProduk-009 ,49,494,2253,4192
12012024, DQProduk-001 ,63,640,3046,3486
12012024, DQProduk-009 ,81,756,3636,4433
13012024, DQProduk-001 ,129,1227,5576,9874
13012024, DQProduk-003 ,3,28,133,197
13012024, DQProduk-009 ,76,761,3087,3271
14012024, DQProduk-001 ,194,1716,5259,6050
14012024, DQProduk-009 ,127,1028,3527,6301
15012024, DQProduk-001 ,194,2028,6291,11160
15012024, DQProduk-003 ,10,107,590,853
15012024, DQProduk-009 ,104,1146,4955,7693
16012024, DQProduk-001 ,36,412,2302,3838
16012024, DQProduk-009 ,42,428,2151,2624
17012024, DQProduk-001 ,51,488,2857,5206
17012024, DQProduk-009 ,62,706,2130,3539
18012024, DQProduk-001 ,99,852,4752,8754
18012024, DQProduk-009 ,88,720,4139,7303
19012024, DQProduk-001 ,91,922,3881,7237
19012024, DQProduk-009 ,94,954,3572,6417
20012024, DQProduk-001 ,64,733,3395,3769
20012024, DQProduk-003 ,5,49,192,366
20012024, DQProduk-009 ,118,1136,4883,7374
21012024, DQProduk-001 ,189,2072,8324,11425
21012024, DQProduk-009 ,204,1873,10662,19096
22012024, DQProduk-001 ,113,971,5641,10628
22012024, DQProduk-009 ,95,767,3784,4440
23012024, DQProduk-001 ,48,425,2403,4507
23012024, DQProduk-009 ,151,1331,4334,6550
24012024, DQProduk-001 ,38,331,1457,1527
24012024, DQProduk-009 ,57,529,2421,2968
25012024, DQProduk-001 ,151,1355,6474,8509
25012024, DQProduk-009 ,74,730,2196,3021
26012024, DQProduk-001 ,64,661,3912,7507
26012024, DQProduk-009 ,127,1404,7507,11047
27012024, DQProduk-001 ,115,1207,5060,6199
27012024, DQProduk-009 ,78,783,3573,6096
28012024, DQProduk-001 ,193,1715,8110,14103
28012024, DQProduk-009 ,130,1389,4512,5437
29012024, DQProduk-001 ,146,1388,4416,5064
29012024, DQProduk-009 ,192,2151,9423,15547
30012024, DQProduk-001 ,116,1107,3348,4315
30012024, DQProduk-009 ,113,1275,5644,9229
31012024, DQProduk-001 ,81,862,4313,8140
31012024, DQProduk-009 ,49,538,2518,4851
1022024, DQProduk-001 ,103,1014,4595,9039
1022024, DQProduk-003 ,6,57,329,582
1022024, DQProduk-009 ,71,577,3054,5758
2022024, DQProduk-001 ,209,2067,6490,11736
2022024, DQProduk-009 ,99,922,4199,6613
3022024, DQProduk-001 ,132,1210,3936,5140
3022024, DQProduk-003 ,3,28,117,126
3022024, DQProduk-009 ,121,1093,4453,7717
4022024, DQProduk-001 ,180,1618,9118,17880
4022024, DQProduk-009 ,92,1005,4186,4249
5022024, DQProduk-001 ,215,1940,11399,19484
5022024, DQProduk-009 ,178,1866,8105,14459
6022024, DQProduk-001 ,78,629,3369,3609
6022024, DQProduk-009 ,52,478,1491,2269
7022024, DQProduk-001 ,115,1207,4037,7116
7022024, DQProduk-009 ,186,1987,8275,9526
8022024, DQProduk-001 ,98,1114,5821,6185
8022024, DQProduk-009 ,52,417,1671,2466
9022024, DQProduk-001 ,58,669,3084,3655
9022024, DQProduk-009 ,16,174,577,680
10022024, DQProduk-001 ,134,1538,7652,9869
10022024, DQProduk-009 ,87,783,2600,3616
11022024, DQProduk-001 ,138,1251,5180,8320
11022024, DQProduk-009 ,92,928,3177,5091
12022024, DQProduk-001 ,106,1003,5262,5284
12022024, DQProduk-009 ,41,434,1414,1573
13022024, DQProduk-001 ,50,508,2734,3267
13022024, DQProduk-009 ,36,407,1225,1369
14022024, DQProduk-001 ,76,843,3502,4345
15022024, DQProduk-001 ,112,1286,5373,5675
15022024, DQProduk-009 ,28,328,1617,3051
16022024, DQProduk-001 ,73,855,4110,5479
16022024, DQProduk-009 ,24,238,1016,1683
17022024, DQProduk-001 ,79,760,2915,3865
17022024, DQProduk-009 ,31,337,1304,2589
18022024, DQProduk-001 ,63,729,4222,6866
18022024, DQProduk-009 ,13,116,650,1035
19022024, DQProduk-001 ,89,838,4325,8194
19022024, DQProduk-009 ,7,79,239,356
20022024, DQProduk-001 ,60,709,2550,3114
20022024, DQProduk-009 ,14,121,593,945
21022024, DQProduk-001 ,68,688,3045,3955
21022024, DQProduk-009 ,18,204,1222,1464
22022024, DQProduk-001 ,126,1172,6396,7829
22022024, DQProduk-003 ,9,92,496,663
23022024, DQProduk-001 ,83,908,5180,5871
23022024, DQProduk-009 ,55,440,2300,4168
24022024, DQProduk-001 ,159,1699,5502,9888
24022024, DQProduk-009 ,9,83,345,492
25022024, DQProduk-001 ,171,1912,8586,15405
25022024, DQProduk-009 ,24,239,1169,1623
26022024, DQProduk-001 ,180,2042,11488,12744
26022024, DQProduk-009 ,16,170,799,1247
27022024, DQProduk-001 ,93,1041,4427,7463
27022024, DQProduk-009 ,18,167,754,1470
28022024, DQProduk-001 ,97,1022,3586,4297
1032024, DQProduk-001 ,74,637,2238,2443
1032024, DQProduk-009 ,30,340,1515,1754
2032024, DQProduk-001 ,172,1425,7434,14859
3032024, DQProduk-001 ,63,722,2576,4246
4032024, DQProduk-001 ,122,1213,4330,7195
4032024, DQProduk-009 ,12,109,340,397
5032024, DQProduk-001 ,117,1057,3188,4311
5032024, DQProduk-009 ,5,58,224,434
6032024, DQProduk-001 ,165,1712,10041,18185
6032024, DQProduk-009 ,3,28,114,142
7032024, DQProduk-001 ,44,514,1892,1917
8032024, DQProduk-001 ,148,1307,4153,7230
9032024, DQProduk-001 ,215,2110,6867,10268
10032024, DQProduk-001 ,97,1112,6107,8936
11032024, DQProduk-001 ,108,1166,5081,9354
12032024, DQProduk-001 ,138,1399,5175,9233
12032024, DQProduk-009 ,15,138,670,1167
13032024, DQProduk-001 ,100,1144,6538,11145
14032024, DQProduk-001 ,34,375,1783,2390
14032024, DQProduk-009 ,56,584,2055,2670
15032024, DQProduk-001 ,69,686,3315,5205
15032024, DQProduk-009 ,137,1624,6748,9134
16032024, DQProduk-001 ,123,1234,5917,6347
16032024, DQProduk-009 ,95,1123,6729,12418
17032024, DQProduk-001 ,110,904,3035,3690
17032024, DQProduk-009 ,32,366,1622,1886
18032024, DQProduk-001 ,303,3256,9872,13611
18032024, DQProduk-009 ,83,918,3586,5383
19032024, DQProduk-001 ,190,1675,8906,13503
19032024, DQProduk-009 ,61,541,2418,3019
20032024, DQProduk-001 ,115,1175,5454,8615
20032024, DQProduk-009 ,28,283,1512,2819
21032024, DQProduk-001 ,89,957,5441,5879
21032024, DQProduk-009 ,23,187,852,1451
22032024, DQProduk-001 ,82,937,5204,10066
22032024, DQProduk-009 ,11,96,340,361
23032024, DQProduk-001 ,152,1533,6846,12523
23032024, DQProduk-009 ,45,539,2871,5073
24032024, DQProduk-001 ,92,1032,5787,8926
24032024, DQProduk-009 ,18,168,586,889
25032024, DQProduk-001 ,121,1236,5875,9357
25032024, DQProduk-009 ,14,137,681,1203
26032024, DQProduk-001 ,143,1210,7241,7262
27032024, DQProduk-001 ,66,740,2894,5146
27032024, DQProduk-009 ,5,43,221,364
28032024, DQProduk-001 ,70,629,3702,3876
29032024, DQProduk-001 ,113,1255,4320,8573
29032024, DQProduk-009 ,18,180,1023,1045
30032024, DQProduk-001 ,67,735,2558,4062
30032024, DQProduk-009 ,29,260,1460,1933
31032024, DQProduk-001 ,122,1009,4379,8644
1042024, DQProduk-001 ,165,1692,7319,12812
1042024, DQProduk-009 ,34,406,1264,1898
2042024, DQProduk-001 ,143,1239,6580,9079
2042024, DQProduk-009 ,4,36,153,194
3042024, DQProduk-001 ,159,1540,4710,7049
3042024, DQProduk-009 ,50,573,2909,5475
4042024, DQProduk-001 ,76,643,2751,4971
4042024, DQProduk-009 ,19,174,630,669
5042024, DQProduk-001 ,93,892,2948,4338
5042024, DQProduk-009 ,2,21,109,156
6042024, DQProduk-001 ,94,1012,3979,7345
7042024, DQProduk-001 ,165,1711,8705,9921
7042024, DQProduk-009 ,15,121,531,948
8042024, DQProduk-001 ,172,1860,10237,16816
8042024, DQProduk-009 ,4,33,111,185
9042024, DQProduk-001 ,104,1061,3971,7333
10042024, DQProduk-001 ,222,2168,8923,14873
11042024, DQProduk-001 ,88,905,3067,3831
12042024, DQProduk-001 ,138,1114,4656,7886
13042024, DQProduk-001 ,162,1429,7165,13004
14042024, DQProduk-001 ,173,1536,7544,9922
14042024, DQProduk-009 ,9,97,546,1020
15042024, DQProduk-001 ,127,1160,4362,5574
15042024, DQProduk-009 ,11,119,512,595
16042024, DQProduk-001 ,171,1471,4945,7002
16042024, DQProduk-009 ,17,163,691,704
17042024, DQProduk-001 ,53,437,1887,2076
17042024, DQProduk-009 ,26,289,1472,2845
18042024, DQProduk-001 ,72,742,4033,4799
18042024, DQProduk-009 ,32,351,1763,3085
19042024, DQProduk-001 ,89,795,4552,5681
19042024, DQProduk-009 ,87,707,2474,2994
20042024, DQProduk-001 ,70,576,2180,2667
20042024, DQProduk-009 ,116,978,5066,7450
21042024, DQProduk-001 ,83,912,5376,8287
21042024, DQProduk-009 ,92,1076,4432,8722
22042024, DQProduk-001 ,147,1433,5617,7744
22042024, DQProduk-009 ,180,1539,8958,12609
23042024, DQProduk-001 ,142,1140,5815,6504
23042024, DQProduk-009 ,123,1111,6281,9288
24042024, DQProduk-001 ,178,1443,5690,9395
24042024, DQProduk-009 ,69,611,2295,3601
25042024, DQProduk-001 ,32,330,1402,1835
25042024, DQProduk-009 ,27,294,1442,2804
26042024, DQProduk-001 ,62,566,2596,4541
26042024, DQProduk-009 ,55,569,2583,3602
27042024, DQProduk-001 ,93,951,2913,3383
27042024, DQProduk-009 ,75,875,4676,7082
28042024, DQProduk-001 ,81,700,3319,3444
28042024, DQProduk-009 ,157,1369,5172,6953
29042024, DQProduk-001 ,153,1831,10712,14065
29042024, DQProduk-009 ,195,1743,5236,8262
30042024, DQProduk-001 ,198,1655,9208,14397
30042024, DQProduk-009 ,176,2012,6691,10324
1052024, DQProduk-001 ,100,998,4445,7662
1052024, DQProduk-009 ,121,1288,6298,9020
2052024, DQProduk-001 ,67,611,2354,4674
2052024, DQProduk-009 ,128,1243,7029,11296
3052024, DQProduk-001 ,76,716,3961,4551
3052024, DQProduk-009 ,99,1015,6062,6945
4052024, DQProduk-001 ,60,628,2818,3908
4052024, DQProduk-009 ,52,553,3294,5431
5052024, DQProduk-001 ,79,844,3532,4670
5052024, DQProduk-009 ,86,786,3417,6185
6052024, DQProduk-001 ,143,1629,5476,7535
6052024, DQProduk-009 ,162,1813,10766,17832
7052024, DQProduk-001 ,87,731,4218,7414
7052024, DQProduk-009 ,102,1132,4472,6551
8052024, DQProduk-001 ,23,242,1218,1925
8052024, DQProduk-009 ,75,673,2200,4126
9052024, DQProduk-001 ,86,837,3773,6475
9052024, DQProduk-009 ,70,707,3297,6003
10052024, DQProduk-001 ,162,1589,9399,13454
10052024, DQProduk-009 ,176,1498,4594,7913
11052024, DQProduk-001 ,72,643,2904,3356
11052024, DQProduk-009 ,110,1073,5644,7845
12052024, DQProduk-001 ,148,1553,6767,6835
12052024, DQProduk-009 ,114,967,4316,5932
13052024, DQProduk-001 ,167,1779,8758,14675
13052024, DQProduk-009 ,100,893,4575,4978
14052024, DQProduk-001 ,145,1331,6858,9526
14052024, DQProduk-009 ,236,2549,13316,13386
15052024, DQProduk-001 ,146,1419,8502,10420
15052024, DQProduk-009 ,112,1248,4733,9139
16052024, DQProduk-001 ,58,560,2491,3939
16052024, DQProduk-009 ,116,1090,5325,9813
17052024, DQProduk-001 ,87,987,3996,4783
17052024, DQProduk-009 ,110,1271,4529,7213
18052024, DQProduk-001 ,92,852,2974,4878
18052024, DQProduk-009 ,58,539,2960,4639
19052024, DQProduk-001 ,222,2012,10374,12090
19052024, DQProduk-009 ,97,879,4578,6269
20052024, DQProduk-001 ,144,1486,7852,11085
20052024, DQProduk-009 ,245,2251,12718,21291
21052024, DQProduk-001 ,167,1512,5571,8476
21052024, DQProduk-009 ,174,1554,5194,8718
22052024, DQProduk-001 ,84,906,4220,7782
22052024, DQProduk-009 ,127,1354,5034,5198
23052024, DQProduk-001 ,82,888,3508,4803
23052024, DQProduk-009 ,82,687,2798,4509
24052024, DQProduk-001 ,116,1246,4016,5910
24052024, DQProduk-009 ,132,1371,7169,12990
25052024, DQProduk-001 ,99,1010,4410,8389
25052024, DQProduk-009 ,215,2388,12230,21652
26052024, DQProduk-001 ,75,757,2751,2967
26052024, DQProduk-009 ,95,890,4934,8428
27052024, DQProduk-001 ,235,2460,14099,26425
27052024, DQProduk-009 ,194,2063,7494,10354
28052024, DQProduk-001 ,164,1719,9714,11808
28052024, DQProduk-009 ,261,2149,12519,19618
29052024, DQProduk-001 ,78,930,4232,8296
29052024, DQProduk-009 ,99,890,4684,8718
30052024, DQProduk-001 ,184,2107,12095,21840
30052024, DQProduk-009 ,19,168,887,952
31052024, DQProduk-001 ,140,1419,4716,5750
31052024, DQProduk-009 ,32,339,1830,1911
1062024, DQProduk-001 ,59,510,2849,3949
1062024, DQProduk-009 ,28,247,1460,2348
2062024, DQProduk-001 ,151,1504,8589,12601
2062024, DQProduk-009 ,33,373,1837,3287
3062024, DQProduk-001 ,170,1484,6565,12785
3062024, DQProduk-009 ,55,585,3254,3390
4062024, DQProduk-001 ,190,2118,11177,19484
4062024, DQProduk-009 ,33,277,1458,2806
5062024, DQProduk-001 ,70,754,3198,3648
5062024, DQProduk-009 ,38,385,1734,3006
6062024, DQProduk-001 ,42,361,1581,2410
6062024, DQProduk-009 ,10,92,390,424
7062024, DQProduk-001 ,103,1181,4789,5526
7062024, DQProduk-009 ,28,329,1745,2740
8062024, DQProduk-001 ,88,754,2574,2836
8062024, DQProduk-009 ,3,28,105,185
9062024, DQProduk-001 ,156,1856,7010,13810
9062024, DQProduk-009 ,24,273,1309,1572
10062024, DQProduk-001 ,210,2399,9823,16994
10062024, DQProduk-009 ,9,88,437,716
11062024, DQProduk-001 ,186,1897,5996,8242
11062024, DQProduk-009 ,23,221,787,1063
12062024, DQProduk-001 ,149,1281,4505,7095
13062024, DQProduk-001 ,140,1135,5470,6515
13062024, DQProduk-009 ,25,222,707,1127
14062024, DQProduk-001 ,85,797,4777,8797
14062024, DQProduk-009 ,30,303,1349,2488
15062024, DQProduk-001 ,76,756,4110,7173
15062024, DQProduk-009 ,20,230,822,1109
16062024, DQProduk-001 ,170,1747,6456,8732
16062024, DQProduk-009 ,21,205,1227,2073
17062024, DQProduk-001 ,90,963,4977,7959
18062024, DQProduk-001 ,180,1636,9317,13222
18062024, DQProduk-009 ,6,57,266,393
19062024, DQProduk-001 ,172,1813,7765,10108
19062024, DQProduk-009 ,12,143,464,569
20062024, DQProduk-001 ,103,1151,4751,9360
21062024, DQProduk-001 ,56,588,1995,3194
22062024, DQProduk-001 ,123,1199,6353,8987
23062024, DQProduk-001 ,136,1140,4381,8294
24062024, DQProduk-001 ,148,1660,9669,17761
25062024, DQProduk-001 ,139,1360,7022,12765
26062024, DQProduk-001 ,184,2050,8370,10374
27062024, DQProduk-001 ,114,1130,3923,7513
28062024, DQProduk-001 ,101,911,2852,5150
28062024, DQProduk-009 ,11,127,741,1328
29062024, DQProduk-001 ,61,490,2687,4226
30062024, DQProduk-001 ,161,1763,7038,7598
1072024, DQProduk-001 ,94,794,2528,3934
2072024, DQProduk-001 ,251,2100,9101,12202
3072024, DQProduk-001 ,121,1259,6433,9604
4072024, DQProduk-001 ,79,701,3834,5731
5072024, DQProduk-001 ,132,1280,5423,8733
5072024, DQProduk-009 ,8,65,244,393
6072024, DQProduk-001 ,52,441,1366,1735
7072024, DQProduk-001 ,79,764,2427,3258
7072024, DQProduk-009 ,15,177,621,1189
8072024, DQProduk-001 ,175,1867,8373,14960
9072024, DQProduk-001 ,143,1428,7941,8139
10072024, DQProduk-001 ,11,113,637,793
11072024, DQProduk-001 ,96,1067,4792,8281
12072024, DQProduk-001 ,99,846,4474,6977
12072024, DQProduk-003 ,6,51,160,194
13072024, DQProduk-001 ,49,454,2373,4535
14072024, DQProduk-001 ,57,554,3067,5334
14072024, DQProduk-003 ,5,50,237,449
15072024, DQProduk-001 ,155,1820,9025,11061
16072024, DQProduk-001 ,182,2135,8985,14703
16072024, DQProduk-003 ,9,101,304,578
17072024, DQProduk-001 ,87,840,4037,7506
18072024, DQProduk-001 ,107,1239,7018,11102
19072024, DQProduk-001 ,99,873,4134,7517
20072024, DQProduk-001 ,62,650,2943,2944
21072024, DQProduk-001 ,53,475,1640,2304
22072024, DQProduk-001 ,79,642,2836,3795
23072024, DQProduk-001 ,82,707,2596,3189
23072024, DQProduk-009 ,5,41,236,414
24072024, DQProduk-001 ,122,1423,6643,7937
25072024, DQProduk-001 ,36,381,1631,2476
26072024, DQProduk-001 ,39,419,2050,2891
27072024, DQProduk-001 ,117,1371,6804,7759
28072024, DQProduk-001 ,125,1002,4013,7810
29072024, DQProduk-001 ,77,750,2619,3525
29072024, DQProduk-019 ,5,42,139,249
30072024, DQProduk-001 ,150,1796,10321,14856
31072024, DQProduk-001 ,142,1457,7589,8397
1082024, DQProduk-001 ,237,2694,11178,17362
2082024, DQProduk-001 ,150,1639,7994,14160
2082024, DQProduk-003 ,14,148,737,1421
3082024, DQProduk-001 ,98,1150,3985,5679
4082024, DQProduk-001 ,102,1060,4010,6793
5082024, DQProduk-001 ,86,803,3464,5570
6082024, DQProduk-001 ,108,888,3179,3823
6082024, DQProduk-019 ,17,190,959,1893
7082024, DQProduk-001 ,80,667,3950,5853
8082024, DQProduk-001 ,36,309,1517,2164
8082024, DQProduk-019 ,9,106,478,601
9082024, DQProduk-001 ,41,356,1839,3235
10082024, DQProduk-001 ,102,1212,6394,8149
11082024, DQProduk-001 ,131,1091,4416,8829
12082024, DQProduk-001 ,140,1244,5314,5733
13082024, DQProduk-001 ,122,1094,6152,10314
14082024, DQProduk-001 ,86,980,4039,4348
15082024, DQProduk-001 ,34,379,1567,2863
15082024, DQProduk-019 ,1,11,47,53
16082024, DQProduk-001 ,92,955,4544,4745
17082024, DQProduk-001 ,22,236,1135,1761
18082024, DQProduk-001 ,103,1197,4709,9294
19082024, DQProduk-001 ,107,909,3603,4425
20082024, DQProduk-001 ,92,1084,3928,7042
20082024, DQProduk-019 ,8,93,308,341
21082024, DQProduk-001 ,79,901,5361,8797
21082024, DQProduk-003 ,4,40,232,294
22082024, DQProduk-001 ,31,368,1555,1595
22082024, DQProduk-003 ,53,502,2157,4295
23082024, DQProduk-001 ,48,417,2032,2421
23082024, DQProduk-003 ,114,989,3870,4931
24082024, DQProduk-001 ,9,96,498,810
24082024, DQProduk-003 ,78,711,2988,5390
25082024, DQProduk-001 ,83,973,4281,5788
25082024, DQProduk-003 ,167,1879,10546,13516
26082024, DQProduk-001 ,61,530,2575,2670
26082024, DQProduk-003 ,158,1581,8331,14470
26082024, DQProduk-019 ,9,88,486,871
27082024, DQProduk-001 ,152,1510,8958,15136
27082024, DQProduk-003 ,125,1313,7734,8208
28082024, DQProduk-001 ,110,919,2957,5139
28082024, DQProduk-003 ,53,523,2732,3183
29082024, DQProduk-001 ,103,923,5231,6076
29082024, DQProduk-003 ,19,213,770,936
30082024, DQProduk-001 ,19,222,839,1280
30082024, DQProduk-003 ,88,948,3688,7055
30082024, DQProduk-019 ,4,47,57431,15799
31082024, DQProduk-001 ,39,431,1430,2518
31082024, DQProduk-003 ,96,1112,5182,6734
31082024, DQProduk-019 ,15,180,609,1121
1092024, DQProduk-001 ,57,669,3465,6721
1092024, DQProduk-003 ,126,1502,9011,16630
2092024, DQProduk-001 ,147,1472,7069,14091
2092024, DQProduk-003 ,230,1939,6433,10008
2092024, DQProduk-019 ,13,139,603,728
3092024, DQProduk-001 ,77,713,2965,4427
3092024, DQProduk-003 ,109,1288,7606,14715
3092024, DQProduk-019 ,12,141,807,1069
4092024, DQProduk-001 ,97,898,4205,6705
4092024, DQProduk-003 ,37,429,1541,2312
5092024, DQProduk-001 ,16,142,541,567
5092024, DQProduk-003 ,61,569,2676,2734
6092024, DQProduk-001 ,73,830,4407,4856
6092024, DQProduk-003 ,74,755,3868,4081
7092024, DQProduk-001 ,52,551,3056,3775
7092024, DQProduk-003 ,59,534,3034,3105
8092024, DQProduk-001 ,95,1014,4172,5247
8092024, DQProduk-003 ,35,353,1069,1549
9092024, DQProduk-001 ,99,1082,6132,12230
9092024, DQProduk-003 ,51,485,2507,4980
10092024, DQProduk-001 ,56,648,2178,3786
10092024, DQProduk-003 ,48,498,2722,3160
10092024, DQProduk-019 ,8,69,209,304
11092024, DQProduk-001 ,22,233,959,1552
11092024, DQProduk-003 ,52,607,2327,4092
12092024, DQProduk-001 ,50,449,1991,2295
12092024, DQProduk-003 ,50,419,1607,2161
12092024, DQProduk-019 ,20,239,930,1540
13092024, DQProduk-001 ,10,98,451,517
13092024, DQProduk-003 ,121,1376,4788,6630
14092024, DQProduk-001 ,59,486,2142,2816
14092024, DQProduk-003 ,89,855,3513,5849
15092024, DQProduk-001 ,61,708,4212,4304
15092024, DQProduk-003 ,121,1337,4531,5879
16092024, DQProduk-001 ,200,1631,6497,6639
16092024, DQProduk-003 ,367,3671,19401,22651
16092024, DQProduk-019 ,31,306,1586,2001
17092024, DQProduk-001 ,122,1156,4742,7351
17092024, DQProduk-003 ,245,2376,12582,13722
18092024, DQProduk-001 ,57,526,2502,3942
18092024, DQProduk-003 ,171,2028,8326,12704
18092024, DQProduk-019 ,19,162,753,1239
19092024, DQProduk-001 ,81,822,3967,7142
19092024, DQProduk-003 ,217,2565,14340,14528
20092024, DQProduk-001 ,64,718,3472,4527
20092024, DQProduk-003 ,200,1785,7796,15472
21092024, DQProduk-001 ,61,632,3158,3903
21092024, DQProduk-003 ,150,1273,4083,4654
21092024, DQProduk-019 ,5,46,151,215
22092024, DQProduk-001 ,56,591,2048,3649
22092024, DQProduk-003 ,357,2957,16938,31311
22092024, DQProduk-019 ,13,143,567,953
23092024, DQProduk-001 ,74,843,2599,4215
23092024, DQProduk-003 ,287,2903,14322,21961
24092024, DQProduk-001 ,107,1017,5020,5026
24092024, DQProduk-003 ,376,3608,17235,32518
24092024, DQProduk-019 ,9,81,395,464
25092024, DQProduk-001 ,42,502,1549,2274
25092024, DQProduk-003 ,144,1495,6018,11877
26092024, DQProduk-001 ,79,821,3722,4708
26092024, DQProduk-003 ,94,870,3512,5608
27092024, DQProduk-001 ,124,1179,3975,4660
27092024, DQProduk-003 ,111,1070,5970,7854
27092024, DQProduk-019 ,10,90,514,902
28092024, DQProduk-001 ,40,355,1786,2367
28092024, DQProduk-003 ,56,616,2044,2447
28092024, DQProduk-019 ,10,82,363,426
29092024, DQProduk-001 ,101,1002,3505,6220
29092024, DQProduk-003 ,106,1262,7192,8234
30092024, DQProduk-001 ,146,1523,7901,13461
30092024, DQProduk-003 ,104,1162,6586,12392
1102024, DQProduk-001 ,124,1301,7095,8823
1102024, DQProduk-003 ,100,870,3548,6143
2102024, DQProduk-001 ,83,874,3015,4795
2102024, DQProduk-003 ,45,538,2299,2369
3102024, DQProduk-001 ,56,509,2642,2930
3102024, DQProduk-003 ,71,674,2135,2233
4102024, DQProduk-001 ,84,986,4187,7278
4102024, DQProduk-003 ,97,966,4925,9326
4102024, DQProduk-019 ,2,17,66,114
5102024, DQProduk-001 ,7,82,298,589
5102024, DQProduk-003 ,177,1613,7480,9058
6102024, DQProduk-001 ,71,793,2674,4308
6102024, DQProduk-003 ,262,2864,9364,16604
7102024, DQProduk-001 ,88,908,3957,4804
7102024, DQProduk-003 ,283,3136,15306,18815
7102024, DQProduk-019 ,93,809,4126,7197
8102024, DQProduk-001 ,172,1875,7834,13217
8102024, DQProduk-003 ,409,3596,18985,24248
8102024, DQProduk-019 ,4,34,142,187
9102024, DQProduk-001 ,36,355,1791,3562
9102024, DQProduk-003 ,95,927,3908,4222
10102024, DQProduk-001 ,35,374,2071,2205
10102024, DQProduk-003 ,129,1146,4532,7875
10102024, DQProduk-019 ,30,326,1056,1550
11102024, DQProduk-001 ,63,590,3062,4729
11102024, DQProduk-003 ,99,814,4513,8518
12102024, DQProduk-001 ,58,539,3087,3811
12102024, DQProduk-003 ,197,1768,7790,8363
13102024, DQProduk-001 ,103,1045,5823,11591
13102024, DQProduk-003 ,167,1681,6221,9042
13102024, DQProduk-019 ,15,146,483,552
14102024, DQProduk-001 ,151,1360,6776,10461
14102024, DQProduk-003 ,460,4325,17386,21423
14102024, DQProduk-019 ,9,74,263,359
15102024, DQProduk-001 ,122,988,4872,5662
15102024, DQProduk-003 ,231,2102,7323,12684
16102024, DQProduk-001 ,24,249,1233,1335
16102024, DQProduk-003 ,172,1891,11099,14693
17102024, DQProduk-001 ,116,1270,4452,5540
17102024, DQProduk-003 ,120,1101,4307,5055
18102024, DQProduk-001 ,72,661,3344,4212
18102024, DQProduk-003 ,207,1804,8797,16042
18102024, DQProduk-019 ,5,53,163,296
19102024, DQProduk-001 ,81,650,3053,3527
19102024, DQProduk-003 ,181,1606,8548,14121
20102024, DQProduk-001 ,66,760,3607,4273
20102024, DQProduk-003 ,285,3269,14466,18253
21102024, DQProduk-001 ,133,1212,6587,7753
21102024, DQProduk-003 ,538,6381,28418,36534
21102024, DQProduk-019 ,8,70,358,473
22102024, DQProduk-001 ,72,730,4065,8082
22102024, DQProduk-003 ,448,4240,13926,19434
22102024, DQProduk-019 ,26,267,1025,1622
23102024, DQProduk-001 ,50,501,2538,4509
23102024, DQProduk-003 ,272,2839,15505,25415
24102024, DQProduk-001 ,128,1130,6271,8383
24102024, DQProduk-003 ,87,707,3685,5580
25102024, DQProduk-001 ,49,433,1733,1819
25102024, DQProduk-003 ,215,2239,7011,7517
25102024, DQProduk-019 ,9,85,399,664
26102024, DQProduk-001 ,94,793,3551,4892
26102024, DQProduk-003 ,173,1961,7655,7667
27102024, DQProduk-001 ,101,947,3421,4039
27102024, DQProduk-003 ,404,4446,17569,30907
28102024, DQProduk-001 ,94,1107,4014,7937
28102024, DQProduk-003 ,643,7268,24911,26432
28102024, DQProduk-019 ,24,284,959,1582
29102024, DQProduk-001 ,39,360,1921,3329
29102024, DQProduk-003 ,491,3958,21283,26083
29102024, DQProduk-019 ,23,199,914,1209
30102024, DQProduk-001 ,108,1259,7105,8890
30102024, DQProduk-003 ,215,2097,9989,12006
31102024, DQProduk-001 ,43,491,2354,2458
31102024, DQProduk-003 ,301,3447,10436,13317
1112024, DQProduk-001 ,128,1378,8237,13917
1112024, DQProduk-003 ,185,2065,7534,12913
2112024, DQProduk-001 ,106,905,4259,5812
2112024, DQProduk-003 ,494,5351,18342,23738
2112024, DQProduk-019 ,17,182,801,1357
3112024, DQProduk-001 ,34,353,1548,1559
3112024, DQProduk-003 ,488,5376,18444,24785
4112024, DQProduk-001 ,227,2020,7106,13217
4112024, DQProduk-003 ,431,5050,28254,52009
4112024, DQProduk-019 ,18,184,767,1046
5112024, DQProduk-001 ,50,580,1940,2683
5112024, DQProduk-003 ,277,2379,8450,14840
5112024, DQProduk-019 ,16,174,691,1030
6112024, DQProduk-001 ,45,457,2108,2474
6112024, DQProduk-003 ,208,2248,7072,14141
7112024, DQProduk-001 ,27,248,1219,1256
7112024, DQProduk-003 ,129,1434,8587,17117
7112024, DQProduk-019 ,9,72,380,530
8112024, DQProduk-001 ,42,413,2196,2503
8112024, DQProduk-003 ,238,2113,9278,15791
8112024, DQProduk-009 ,2,23,98,148
9112024, DQProduk-001 ,103,836,3141,4402
9112024, DQProduk-003 ,94,897,4930,8732
10112024, DQProduk-001 ,89,716,2972,3133
10112024, DQProduk-003 ,173,1827,5979,6071
11112024, DQProduk-001 ,119,1418,8098,12236
11112024, DQProduk-003 ,331,3611,18545,34983
11112024, DQProduk-019 ,7,69,411,532
12112024, DQProduk-001 ,72,787,3348,6657
12112024, DQProduk-003 ,319,3700,17647,30194
12112024, DQProduk-019 ,31,286,1542,2825
13112024, DQProduk-001 ,129,1225,5145,10156
13112024, DQProduk-003 ,163,1835,8072,13343
13112024, DQProduk-019 ,21,231,840,1646
14112024, DQProduk-001 ,48,431,1695,2473
14112024, DQProduk-003 ,193,1782,10326,12574
14112024, DQProduk-019 ,17,184,807,1145
15112024, DQProduk-001 ,71,762,3432,4211
15112024, DQProduk-003 ,303,3457,16520,20463
15112024, DQProduk-019 ,81,834,3523,4770
16112024, DQProduk-001 ,56,553,2654,4436
16112024, DQProduk-003 ,165,1978,11710,17851
16112024, DQProduk-019 ,53,620,2650,3789
17112024, DQProduk-001 ,49,427,1919,3165
17112024, DQProduk-003 ,429,4747,18080,21111
17112024, DQProduk-019 ,47,417,1664,2941
18112024, DQProduk-001 ,101,1149,5497,8482
18112024, DQProduk-003 ,628,5822,33944,41673
18112024, DQProduk-019 ,125,1108,6453,10573
19112024, DQProduk-001 ,189,2135,8099,12660
19112024, DQProduk-003 ,483,5491,30980,36326
19112024, DQProduk-019 ,93,1093,6142,7149
20112024, DQProduk-001 ,71,780,2667,4228
20112024, DQProduk-003 ,330,3932,12311,20447
20112024, DQProduk-019 ,46,513,2768,5490
21112024, DQProduk-001 ,34,355,1698,1892
21112024, DQProduk-003 ,170,1405,4670,8304
21112024, DQProduk-019 ,40,385,1873,2428
22112024, DQProduk-001 ,111,989,4012,4510
22112024, DQProduk-003 ,313,3147,14585,25961
22112024, DQProduk-019 ,67,738,2869,5466
23112024, DQProduk-001 ,64,618,2564,3248
23112024, DQProduk-003 ,169,1442,7422,11563
23112024, DQProduk-019 ,80,734,2312,3620
24112024, DQProduk-001 ,88,1017,3581,5226
24112024, DQProduk-003 ,362,3817,16973,31325
24112024, DQProduk-019 ,116,1157,4857,7252
25112024, DQProduk-001 ,130,1538,5159,6757
25112024, DQProduk-003 ,458,5291,30447,50393
25112024, DQProduk-019 ,91,748,3012,5501
26112024, DQProduk-001 ,120,1085,5227,5668
26112024, DQProduk-003 ,409,3411,17861,18457
26112024, DQProduk-019 ,16,163,738,889
27112024, DQProduk-001 ,31,308,1537,2775
27112024, DQProduk-003 ,138,1354,4425,7733
27112024, DQProduk-019 ,22,237,1245,2136
28112024, DQProduk-001 ,7,71,396,464
28112024, DQProduk-003 ,136,1614,6315,8215
28112024, DQProduk-019 ,79,773,3330,5332
29112024, DQProduk-001 ,40,321,1393,2544
29112024, DQProduk-003 ,234,2673,15921,21821
29112024, DQProduk-019 ,15,152,870,1035
30112024, DQProduk-001 ,74,753,2796,3161
30112024, DQProduk-003 ,206,1651,7445,10499
30112024, DQProduk-019 ,75,652,3488,5106
1122024, DQProduk-001 ,86,1028,5276,6636
1122024, DQProduk-003 ,260,3101,14509,23571
1122024, DQProduk-019 ,96,940,5402,8211
2122024, DQProduk-001 ,128,1235,6669,6983
2122024, DQProduk-003 ,538,6199,35030,68087
2122024, DQProduk-019 ,111,1245,7306,9967
3122024, DQProduk-001 ,113,1119,6545,10941
3122024, DQProduk-003 ,413,4387,23890,31236
3122024, DQProduk-019 ,140,1254,6116,9167
4122024, DQProduk-001 ,56,607,3625,5462
4122024, DQProduk-003 ,226,2634,14300,21702
4122024, DQProduk-019 ,77,841,3704,4483
5122024, DQProduk-001 ,64,530,2475,3208
5122024, DQProduk-003 ,134,1164,5289,5909
5122024, DQProduk-019 ,52,529,2651,3708
6122024, DQProduk-001 ,35,420,1606,2970
6122024, DQProduk-003 ,39,352,1642,1681
6122024, DQProduk-019 ,75,724,2924,3410
7122024, DQProduk-001 ,36,363,1396,2083
7122024, DQProduk-003 ,168,1358,5469,9227
7122024, DQProduk-019 ,135,1155,4896,7750
8122024, DQProduk-001 ,122,1386,4702,5939
8122024, DQProduk-003 ,205,2446,7892,9381
8122024, DQProduk-019 ,110,908,4722,9231
9122024, DQProduk-001 ,81,924,5229,7729
9122024, DQProduk-003 ,498,4711,14727,15990
9122024, DQProduk-019 ,168,1366,7940,8046
10122024, DQProduk-001 ,143,1429,8442,12665
10122024, DQProduk-003 ,408,4083,13150,17327
10122024, DQProduk-019 ,99,884,2703,4309
11122024, DQProduk-001 ,47,495,2965,5588
11122024, DQProduk-003 ,197,1883,10927,18462
11122024, DQProduk-019 ,41,476,1759,3383
12122024, DQProduk-001 ,42,443,2026,2314
12122024, DQProduk-003 ,274,2495,10110,19579
12122024, DQProduk-019 ,72,684,3986,5850
13122024, DQProduk-001 ,55,479,1582,2627
13122024, DQProduk-003 ,195,1763,9281,12130
13122024, DQProduk-009 ,4,43,251,360
13122024, DQProduk-019 ,143,1539,7995,9853
14122024, DQProduk-001 ,140,1270,4799,6058
14122024, DQProduk-003 ,248,2764,10592,15663
14122024, DQProduk-009 ,15,144,775,1133
14122024, DQProduk-019 ,198,2096,8884,10867
15122024, DQProduk-001 ,68,768,4508,4930
15122024, DQProduk-003 ,292,2693,14036,27760
15122024, DQProduk-009 ,32,318,1665,2516
15122024, DQProduk-019 ,122,1048,6268,10985
16122024, DQProduk-001 ,89,853,2840,5393
16122024, DQProduk-003 ,592,4990,19215,21491
16122024, DQProduk-009 ,68,732,3047,5861
16122024, DQProduk-019 ,212,2137,11359,21312
17122024, DQProduk-001 ,103,1131,6263,10366
17122024, DQProduk-003 ,379,3325,18063,27813
17122024, DQProduk-009 ,27,300,1265,2236
17122024, DQProduk-019 ,89,1064,4388,7430
18122024, DQProduk-001 ,33,318,1586,2234
18122024, DQProduk-003 ,198,1799,9702,10118
18122024, DQProduk-009 ,20,215,804,1237
18122024, DQProduk-019 ,62,706,2947,5821
19122024, DQProduk-001 ,108,1288,4285,8185
19122024, DQProduk-003 ,289,2609,13699,26335
19122024, DQProduk-009 ,13,141,687,1319
19122024, DQProduk-019 ,112,1115,5235,8611
20122024, DQProduk-001 ,62,567,2843,4460
20122024, DQProduk-003 ,345,3146,11016,18151
20122024, DQProduk-009 ,21,179,597,1116
20122024, DQProduk-019 ,321,2640,14497,28751
21122024, DQProduk-001 ,24,219,681,1349
21122024, DQProduk-003 ,350,3420,18337,18418
21122024, DQProduk-009 ,48,552,2057,2657
21122024, DQProduk-019 ,317,3466,13506,22963
22122024, DQProduk-001 ,64,595,2373,3300
22122024, DQProduk-003 ,376,4490,24270,33657
22122024, DQProduk-019 ,195,1705,5387,6718
23122024, DQProduk-001 ,74,672,3961,4077
23122024, DQProduk-003 ,255,2427,11046,11977
23122024, DQProduk-009 ,16,154,812,1342
23122024, DQProduk-019 ,198,1923,5779,9814
24122024, DQProduk-001 ,131,1200,4832,8937
24122024, DQProduk-003 ,360,3807,13337,21295
24122024, DQProduk-009 ,13,127,417,717
24122024, DQProduk-019 ,278,2763,9858,16323
25122024, DQProduk-001 ,179,2090,11122,20732
25122024, DQProduk-003 ,368,3121,10794,14956
25122024, DQProduk-009 ,2,17,84,150
25122024, DQProduk-019 ,87,771,3991,5584
26122024, DQProduk-001 ,53,587,2518,3021
26122024, DQProduk-003 ,235,2644,15319,20922
26122024, DQProduk-009 ,14,156,781,798
26122024, DQProduk-019 ,142,1350,5310,8516
27122024, DQProduk-001 ,142,1594,6410,10468
27122024, DQProduk-003 ,179,1567,5276,9623
27122024, DQProduk-019 ,78,911,3203,5579
28122024, DQProduk-001 ,22,234,980,1169
28122024, DQProduk-003 ,214,1954,9834,10046
28122024, DQProduk-009 ,17,168,852,1613
28122024, DQProduk-019 ,214,1841,9865,17285
29122024, DQProduk-001 ,53,600,3061,5546
29122024, DQProduk-003 ,141,1640,6864,11896
29122024, DQProduk-009 ,15,172,1001,1021
29122024, DQProduk-019 ,296,2635,9818,17708
30122024, DQProduk-001 ,94,1042,3258,4494
30122024, DQProduk-003 ,173,1710,6701,12702
30122024, DQProduk-009 ,5,50,203,390
30122024, DQProduk-019 ,248,2464,13490,21269
31122024, DQProduk-001 ,114,1014,4391,4603
31122024, DQProduk-003 ,321,2686,10186,11528
31122024, DQProduk-019 ,125,1207,4194,4563
1012025, DQProduk-001 ,88,753,4088,7155
1012025, DQProduk-003 ,281,3315,17454,34165
1012025, DQProduk-019 ,128,1385,4286,7551
2012025, DQProduk-001 ,74,618,2007,2444
2012025, DQProduk-003 ,78,892,4331,7448
2012025, DQProduk-009 ,5,46,257,393
2012025, DQProduk-019 ,93,996,3179,4834
3012025, DQProduk-001 ,117,1285,5395,8828
3012025, DQProduk-003 ,78,735,4275,7349
3012025, DQProduk-019 ,86,1000,3029,3625
4012025, DQProduk-001 ,58,469,2516,3196
4012025, DQProduk-003 ,265,2633,13347,21518
4012025, DQProduk-019 ,52,530,3092,5387
5012025, DQProduk-001 ,150,1580,7126,13615
5012025, DQProduk-003 ,250,2360,10970,18945
5012025, DQProduk-009 ,16,184,673,1193
5012025, DQProduk-019 ,299,2525,14389,24603
6012025, DQProduk-001 ,160,1628,7559,11935
6012025, DQProduk-003 ,304,3281,15597,17856
6012025, DQProduk-019 ,527,5609,18270,18482
7012025, DQProduk-001 ,90,895,4791,6293
7012025, DQProduk-003 ,412,4579,15960,28183
7012025, DQProduk-009 ,20,202,620,1079
7012025, DQProduk-019 ,122,1223,5769,7973
8012025, DQProduk-001 ,68,734,2784,4838
8012025, DQProduk-003 ,211,1789,5615,7372
8012025, DQProduk-009 ,4,43,161,207
8012025, DQProduk-019 ,103,1032,5811,6192
9012025, DQProduk-001 ,14,162,840,1080
9012025, DQProduk-003 ,41,402,1244,1763
9012025, DQProduk-019 ,22,218,1214,1956
10012025, DQProduk-001 ,29,346,1837,3451
10012025, DQProduk-003 ,177,2026,11959,15680
10012025, DQProduk-019 ,106,1236,6015,10893
11012025, DQProduk-001 ,22,244,1181,2326
11012025, DQProduk-003 ,167,1797,6323,11487
11012025, DQProduk-019 ,176,1645,6304,6589
12012025, DQProduk-001 ,26,224,678,1219
12012025, DQProduk-003 ,407,3713,19073,35005
12012025, DQProduk-019 ,137,1302,7160,7924
13012025, DQProduk-001 ,61,729,3742,5446
13012025, DQProduk-003 ,398,3681,15951,22204
13012025, DQProduk-009 ,23,263,897,1786
13012025, DQProduk-019 ,259,2209,8496,12514
14012025, DQProduk-001 ,71,846,4796,7120
14012025, DQProduk-003 ,450,5036,26579,48495
14012025, DQProduk-009 ,14,118,523,581
14012025, DQProduk-019 ,348,3160,14891,20315
15012025, DQProduk-001 ,38,394,2273,3587
15012025, DQProduk-003 ,157,1287,4316,5353
15012025, DQProduk-009 ,12,123,537,554
15012025, DQProduk-019 ,98,1071,5016,8454
16012025, DQProduk-001 ,86,928,5012,8250
16012025, DQProduk-003 ,206,1792,8287,11517
16012025, DQProduk-019 ,139,1232,3714,7299
17012025, DQProduk-001 ,89,728,2370,2998
17012025, DQProduk-003 ,148,1355,7613,9743
17012025, DQProduk-019 ,187,1524,8742,11205
18012025, DQProduk-001 ,15,160,677,1055
18012025, DQProduk-003 ,185,1806,7371,11881
18012025, DQProduk-019 ,188,1885,8442,16800
19012025, DQProduk-001 ,108,1257,6053,11097
19012025, DQProduk-003 ,238,2493,12919,23001
19012025, DQProduk-009 ,22,189,905,1761
19012025, DQProduk-019 ,283,2958,11332,16389
20012025, DQProduk-001 ,61,515,2847,3130
20012025, DQProduk-003 ,438,3989,23226,28609
20012025, DQProduk-009 ,53,588,2658,3616
20012025, DQProduk-019 ,444,4635,19868,33472
21012025, DQProduk-001 ,93,1109,4052,5066
21012025, DQProduk-003 ,349,3145,13075,20732
21012025, DQProduk-009 ,11,109,382,449
21012025, DQProduk-019 ,258,2456,9001,15148
22012025, DQProduk-001 ,101,1004,3718,6551
22012025, DQProduk-003 ,259,2413,14126,23005
22012025, DQProduk-009 ,52,615,2106,3052
22012025, DQProduk-019 ,124,1434,4602,7766
23012025, DQProduk-001 ,21,243,982,1523
23012025, DQProduk-003 ,114,1149,3739,7387
23012025, DQProduk-009 ,35,303,946,1180
23012025, DQProduk-019 ,179,1556,8931,12129
24012025, DQProduk-001 ,58,670,2667,2846
24012025, DQProduk-003 ,266,2426,8821,13755
24012025, DQProduk-009 ,164,1501,6862,7914
24012025, DQProduk-019 ,152,1664,6781,10118
25012025, DQProduk-001 ,57,506,2072,2710
25012025, DQProduk-003 ,188,1980,10525,20171
25012025, DQProduk-009 ,26,307,1376,2485
25012025, DQProduk-019 ,220,1794,5851,10076
26012025, DQProduk-001 ,140,1304,5127,9302
26012025, DQProduk-003 ,364,3761,13052,21411
26012025, DQProduk-009 ,109,1089,4864,8820
26012025, DQProduk-019 ,359,2931,10233,13810
27012025, DQProduk-001 ,80,766,3993,5659
27012025, DQProduk-003 ,374,4159,24923,40071
27012025, DQProduk-009 ,127,1365,6792,7941
27012025, DQProduk-019 ,312,2633,10377,12883
28012025, DQProduk-001 ,81,864,4469,8714
28012025, DQProduk-003 ,391,3447,13550,21477
28012025, DQProduk-009 ,194,2256,13236,16035
28012025, DQProduk-019 ,372,4142,16138,22767
29012025, DQProduk-001 ,101,912,3860,6335
29012025, DQProduk-003 ,186,1665,9526,12873
29012025, DQProduk-009 ,28,243,873,1411
29012025, DQProduk-019 ,185,1856,5953,9375
30012025, DQProduk-001 ,76,683,2472,2998
30012025, DQProduk-003 ,162,1385,6566,9295
30012025, DQProduk-009 ,10,104,404,626
30012025, DQProduk-019 ,139,1159,5429,6082
31012025, DQProduk-001 ,41,483,2261,3774
31012025, DQProduk-003 ,215,1971,9843,14844
31012025, DQProduk-009 ,79,846,3364,4039
31012025, DQProduk-019 ,135,1581,7263,11607
1022025, DQProduk-001 ,36,334,1692,2014
1022025, DQProduk-003 ,227,2687,10247,11514
1022025, DQProduk-009 ,42,407,1787,2655
1022025, DQProduk-019 ,193,2279,9172,16656
2022025, DQProduk-001 ,72,634,2337,3404
2022025, DQProduk-003 ,282,2387,13443,14250
2022025, DQProduk-009 ,78,877,5151,8302
2022025, DQProduk-019 ,248,2322,12346,23986
3022025, DQProduk-001 ,136,1242,5115,8005
3022025, DQProduk-003 ,480,5522,23417,30747
3022025, DQProduk-009 ,232,2559,9475,12798
3022025, DQProduk-019 ,426,3797,11719,16769
4022025, DQProduk-001 ,66,695,2735,4313
4022025, DQProduk-003 ,268,2472,11722,11724
4022025, DQProduk-009 ,167,1819,5924,9615
4022025, DQProduk-019 ,327,3552,16412,18632
5022025, DQProduk-001 ,124,1426,6103,11378
5022025, DQProduk-003 ,386,3131,15518,28125
5022025, DQProduk-009 ,69,728,2276,4527
5022025, DQProduk-019 ,261,2412,8843,10151
6022025, DQProduk-001 ,47,439,2036,3914
6022025, DQProduk-003 ,203,1659,8578,13914
6022025, DQProduk-009 ,48,477,1848,2374
6022025, DQProduk-019 ,95,950,4463,5661
7022025, DQProduk-001 ,18,153,461,820
7022025, DQProduk-003 ,270,2322,13560,23506
7022025, DQProduk-009 ,47,390,2266,3190
7022025, DQProduk-019 ,268,3080,16562,16595
8022025, DQProduk-001 ,12,141,638,730
8022025, DQProduk-003 ,192,2088,8116,11388
8022025, DQProduk-009 ,67,692,3941,5016
8022025, DQProduk-019 ,191,2092,8572,14493
9022025, DQProduk-001 ,70,591,1841,2782
9022025, DQProduk-003 ,364,3274,10877,12967
9022025, DQProduk-009 ,98,980,4275,4404
9022025, DQProduk-019 ,147,1177,4301,5287
10022025, DQProduk-001 ,79,659,2251,4212
10022025, DQProduk-003 ,349,3095,15218,17353
10022025, DQProduk-009 ,115,1010,5055,8225
10022025, DQProduk-019 ,408,4797,24704,47508
11022025, DQProduk-001 ,78,810,4445,6459
11022025, DQProduk-003 ,340,3019,14784,16111
11022025, DQProduk-009 ,100,1031,4711,4865
11022025, DQProduk-019 ,237,2742,14016,27934
12022025, DQProduk-001 ,69,740,3525,6063
12022025, DQProduk-003 ,161,1787,7360,8358
12022025, DQProduk-009 ,14,142,702,861
12022025, DQProduk-019 ,120,992,3582,5435
13022025, DQProduk-001 ,24,223,890,1308
13022025, DQProduk-003 ,264,2226,7566,11645
13022025, DQProduk-009 ,36,412,2232,3539
13022025, DQProduk-019 ,166,1848,7333,14421
14022025, DQProduk-001 ,83,934,3109,4721
14022025, DQProduk-003 ,302,3477,17377,27930
14022025, DQProduk-009 ,70,590,3438,3878
14022025, DQProduk-019 ,206,1653,7674,15202
15022025, DQProduk-001 ,71,781,3413,4706
15022025, DQProduk-003 ,162,1832,8348,10031
15022025, DQProduk-009 ,9,81,300,344
15022025, DQProduk-019 ,169,1485,5458,7211
16022025, DQProduk-001 ,50,436,1809,2365
16022025, DQProduk-003 ,489,5276,30747,50877
16022025, DQProduk-009 ,33,341,1352,2245
16022025, DQProduk-019 ,275,3147,15626,30314
17022025, DQProduk-001 ,72,789,3562,4198
17022025, DQProduk-003 ,447,3617,18123,21049
17022025, DQProduk-009 ,56,579,2670,3289
17022025, DQProduk-019 ,355,3623,18837,26353
18022025, DQProduk-001 ,216,2116,11931,20963
18022025, DQProduk-003 ,431,3998,18099,32615
18022025, DQProduk-009 ,77,719,2891,3096
18022025, DQProduk-019 ,323,3113,18582,22892
19022025, DQProduk-001 ,56,561,2850,5433
19022025, DQProduk-003 ,212,2294,13575,15084
19022025, DQProduk-009 ,26,285,1414,2447
19022025, DQProduk-019 ,150,1486,5463,6477
20022025, DQProduk-001 ,55,616,2318,3095
20022025, DQProduk-003 ,216,2142,9807,9864
20022025, DQProduk-009 ,84,828,4071,7314
20022025, DQProduk-019 ,129,1075,4275,8527
21022025, DQProduk-001 ,8,84,333,606
21022025, DQProduk-003 ,204,2352,7518,14228
21022025, DQProduk-009 ,94,965,3807,4538
21022025, DQProduk-019 ,176,2084,7163,11376
22022025, DQProduk-001 ,66,623,2719,4580
22022025, DQProduk-003 ,237,2096,9124,13419
22022025, DQProduk-009 ,78,716,2950,5852
22022025, DQProduk-019 ,267,2783,13069,20028
23022025, DQProduk-001 ,61,723,3858,7298
23022025, DQProduk-003 ,481,4379,15798,21117
23022025, DQProduk-009 ,139,1380,6965,13291
23022025, DQProduk-019 ,273,2491,8239,15575
24022025, DQProduk-001 ,97,804,2991,3588
24022025, DQProduk-003 ,235,2713,12781,16477
24022025, DQProduk-009 ,110,1223,6096,12114
24022025, DQProduk-019 ,286,3240,14529,19746
25022025, DQProduk-001 ,112,1270,7197,9343
25022025, DQProduk-003 ,290,2700,11957,13172
25022025, DQProduk-009 ,137,1196,6241,8136
25022025, DQProduk-019 ,158,1575,8222,9429
26022025, DQProduk-001 ,88,795,3764,7445
26022025, DQProduk-003 ,206,1792,8572,9189
26022025, DQProduk-009 ,36,420,1975,3945
26022025, DQProduk-019 ,133,1469,6085,7748
27022025, DQProduk-001 ,106,1206,4977,8492
27022025, DQProduk-003 ,241,2058,11160,12156
27022025, DQProduk-009 ,56,665,3385,6424
27022025, DQProduk-019 ,135,1383,5131,5977
28022025, DQProduk-001 ,67,662,2408,3016
28022025, DQProduk-003 ,252,2654,13381,18817
28022025, DQProduk-009 ,87,752,2440,4101
28022025, DQProduk-019 ,100,1068,4974,8115
1032025, DQProduk-001 ,69,645,2808,4448
1032025, DQProduk-003 ,187,1870,11142,11754
1032025, DQProduk-009 ,125,1257,6414,10593
1032025, DQProduk-019 ,125,1020,5354,8074
2032025, DQProduk-001 ,139,1614,6323,8310
2032025, DQProduk-003 ,298,3570,14823,20228
2032025, DQProduk-009 ,144,1262,4196,5174
2032025, DQProduk-019 ,360,4235,21834,31714
3032025, DQProduk-001 ,126,1050,3800,5305
3032025, DQProduk-003 ,482,3960,18061,26703
3032025, DQProduk-009 ,102,928,3090,4081
3032025, DQProduk-019 ,230,1876,8462,14076
4032025, DQProduk-001 ,126,1434,7731,8373
4032025, DQProduk-003 ,301,3446,13028,14222
4032025, DQProduk-009 ,156,1283,5513,9127
4032025, DQProduk-019 ,304,3036,17587,18750
5032025, DQProduk-001 ,73,632,2441,3234
5032025, DQProduk-003 ,159,1791,8864,9069
5032025, DQProduk-009 ,104,913,3856,5719
5032025, DQProduk-019 ,127,1096,5735,10367
6032025, DQProduk-001 ,50,526,1744,2958
6032025, DQProduk-003 ,261,2509,11810,13163
6032025, DQProduk-009 ,80,789,3680,4193
6032025, DQProduk-019 ,112,968,3625,4108
7032025, DQProduk-001 ,30,263,1379,2468
7032025, DQProduk-003 ,237,1899,11253,20923
7032025, DQProduk-009 ,115,1127,3462,6242
7032025, DQProduk-019 ,170,1633,9641,13971
8032025, DQProduk-001 ,48,421,2132,4187
8032025, DQProduk-003 ,210,2460,13885,17245
8032025, DQProduk-009 ,105,896,3183,4549
8032025, DQProduk-019 ,132,1133,4013,5874
9032025, DQProduk-001 ,33,314,1390,2255
9032025, DQProduk-003 ,359,3844,15566,28266
9032025, DQProduk-009 ,67,690,3279,6458
9032025, DQProduk-019 ,144,1160,5908,10491
10032025, DQProduk-001 ,200,1846,6678,9915
10032025, DQProduk-003 ,448,4708,19069,28763
10032025, DQProduk-009 ,122,1313,6232,10579
10032025, DQProduk-019 ,328,3857,11705,20196
11032025, DQProduk-001 ,53,587,3270,4780
11032025, DQProduk-003 ,465,3788,18143,22775
11032025, DQProduk-009 ,166,1710,6860,11311
11032025, DQProduk-019 ,231,2430,8485,12909
12032025, DQProduk-001 ,100,839,4416,6484
12032025, DQProduk-003 ,119,1242,6788,7919
12032025, DQProduk-009 ,75,786,3177,5659
12032025, DQProduk-019 ,27,264,1473,1572
13032025, DQProduk-001 ,30,349,1617,3149
13032025, DQProduk-003 ,153,1634,6150,9904
13032025, DQProduk-009 ,39,386,2152,3297
13032025, DQProduk-019 ,120,1244,4591,5587
14032025, DQProduk-001 ,84,696,2089,3461
14032025, DQProduk-003 ,206,1700,5999,11344
14032025, DQProduk-009 ,67,548,2816,4721
14032025, DQProduk-019 ,65,706,2543,4555
15032025, DQProduk-001 ,41,333,1361,2104
15032025, DQProduk-003 ,190,2069,11262,20346
15032025, DQProduk-009 ,106,932,4300,4924
15032025, DQProduk-019 ,216,2021,9077,16902
16032025, DQProduk-001 ,187,2178,10784,19329
16032025, DQProduk-003 ,245,2392,13739,18956
16032025, DQProduk-009 ,252,2576,12426,21132
16032025, DQProduk-019 ,115,1050,4308,5640
17032025, DQProduk-001 ,253,2571,10185,11939
17032025, DQProduk-003 ,593,6800,25257,39858
17032025, DQProduk-009 ,174,1448,7373,11948
17032025, DQProduk-019 ,312,2773,8962,12293
18032025, DQProduk-001 ,148,1525,7657,13857
18032025, DQProduk-003 ,384,3923,21005,21572
18032025, DQProduk-009 ,198,2013,7236,10166
18032025, DQProduk-019 ,355,3358,12194,14207
19032025, DQProduk-001 ,61,673,2589,5071
19032025, DQProduk-003 ,441,3661,14650,20639
19032025, DQProduk-009 ,107,1024,6073,11788
19032025, DQProduk-019 ,167,1368,8183,14638
20032025, DQProduk-001 ,53,480,2526,4735
20032025, DQProduk-003 ,290,2802,10322,10674
20032025, DQProduk-009 ,106,986,5089,7152
20032025, DQProduk-019 ,143,1213,6025,6798
21032025, DQProduk-001 ,134,1591,7171,13362
21032025, DQProduk-003 ,292,2617,10185,12888
21032025, DQProduk-009 ,66,557,1948,2189
21032025, DQProduk-019 ,177,2004,11934,16933
22032025, DQProduk-001 ,48,522,2452,3224
22032025, DQProduk-003 ,256,2993,12399,15255
22032025, DQProduk-009 ,153,1555,7185,7559
22032025, DQProduk-019 ,158,1855,6629,12056
23032025, DQProduk-001 ,200,1737,8025,15062
23032025, DQProduk-003 ,333,3412,14867,20450
23032025, DQProduk-009 ,76,860,4908,8824
23032025, DQProduk-019 ,131,1551,8939,13356
24032025, DQProduk-001 ,141,1651,9468,16987
24032025, DQProduk-003 ,317,3211,11698,16529
24032025, DQProduk-009 ,101,826,4387,5495
24032025, DQProduk-019 ,337,3025,15181,28133
25032025, DQProduk-001 ,109,1214,7187,10192
25032025, DQProduk-003 ,438,4341,21890,32456
25032025, DQProduk-009 ,124,1464,7821,9100
25032025, DQProduk-019 ,131,1371,7439,10252
26032025, DQProduk-001 ,74,776,4522,5130
26032025, DQProduk-003 ,440,4140,19848,25437
26032025, DQProduk-009 ,183,2154,8184,15464
26032025, DQProduk-019 ,147,1543,8475,16120
27032025, DQProduk-001 ,139,1610,6574,7670
27032025, DQProduk-003 ,185,1756,8177,11428
27032025, DQProduk-009 ,38,405,2245,2646
27032025, DQProduk-019 ,183,2127,7324,10343
28032025, DQProduk-001 ,98,793,4217,6567
28032025, DQProduk-003 ,434,4803,18173,23401
28032025, DQProduk-009 ,140,1125,4356,5673
28032025, DQProduk-019 ,251,2700,8594,16465
29032025, DQProduk-001 ,211,1836,10479,19509
29032025, DQProduk-003 ,277,2703,13410,24734
29032025, DQProduk-009 ,64,712,3867,7108
29032025, DQProduk-019 ,198,2095,11007,15992
30032025, DQProduk-001 ,118,1398,5701,10636
30032025, DQProduk-003 ,504,4922,23066,37815
30032025, DQProduk-009 ,178,1947,6352,11324
30032025, DQProduk-019 ,390,3939,14010,25177
31032025, DQProduk-001 ,85,849,4293,7854
31032025, DQProduk-003 ,557,5291,20576,21136
31032025, DQProduk-009 ,55,519,3036,3424
31032025, DQProduk-019 ,220,2113,8448,16273
1042025, DQProduk-001 ,179,1842,9728,10851
1042025, DQProduk-003 ,324,3108,16527,26550
1042025, DQProduk-009 ,150,1600,5707,6777
1042025, DQProduk-019 ,108,884,3753,5344
2042025, DQProduk-001 ,70,670,2189,3230
2042025, DQProduk-003 ,154,1391,5909,10640
2042025, DQProduk-009 ,17,145,810,928
2042025, DQProduk-019 ,134,1205,5371,7470
3042025, DQProduk-001 ,83,806,2525,4829
3042025, DQProduk-003 ,134,1222,5655,9365
3042025, DQProduk-009 ,45,478,2755,3715
3042025, DQProduk-019 ,113,1071,5671,7881
4042025, DQProduk-001 ,52,527,1829,2097
4042025, DQProduk-003 ,154,1801,10522,16082
4042025, DQProduk-009 ,139,1193,5233,7180
4042025, DQProduk-019 ,104,997,5124,7625
5042025, DQProduk-001 ,86,751,2676,2876
5042025, DQProduk-003 ,250,2578,7737,10045
5042025, DQProduk-009 ,134,1604,7120,9173
5042025, DQProduk-019 ,155,1346,5395,10352
6042025, DQProduk-001 ,136,1467,6360,7842
6042025, DQProduk-003 ,352,2818,15804,29115
6042025, DQProduk-009 ,89,834,4753,4917
6042025, DQProduk-019 ,357,3201,16454,23291
7042025, DQProduk-001 ,77,855,4169,8085
7042025, DQProduk-003 ,415,4441,18120,19333
7042025, DQProduk-009 ,156,1327,7285,10166
7042025, DQProduk-019 ,349,4053,17485,18628
8042025, DQProduk-001 ,87,833,4510,5458
8042025, DQProduk-003 ,380,3120,17340,28659
8042025, DQProduk-009 ,135,1504,6231,9752
8042025, DQProduk-019 ,588,6848,25656,28259
9042025, DQProduk-001 ,75,789,3129,4946
9042025, DQProduk-003 ,268,2305,11108,18687
9042025, DQProduk-009 ,61,710,2156,4121
9042025, DQProduk-019 ,52,454,1385,1820
10042025, DQProduk-001 ,21,231,766,1453
10042025, DQProduk-003 ,260,2510,7963,10367
10042025, DQProduk-009 ,43,407,1713,3158
10042025, DQProduk-019 ,282,2482,12451,15560
11042025, DQProduk-001 ,49,455,1702,3285
11042025, DQProduk-003 ,254,2616,12715,24079
11042025, DQProduk-009 ,41,490,2674,3585
11042025, DQProduk-019 ,234,2123,6979,9683
12042025, DQProduk-001 ,78,861,3437,5257
12042025, DQProduk-003 ,193,1769,7090,12341
12042025, DQProduk-009 ,92,1055,6095,6182
12042025, DQProduk-019 ,176,1433,5941,6501
13042025, DQProduk-001 ,71,665,2503,4504
13042025, DQProduk-003 ,237,2072,7290,11265
13042025, DQProduk-009 ,128,1383,4161,6869
13042025, DQProduk-019 ,226,2472,13972,19213
14042025, DQProduk-001 ,159,1848,10444,17062
14042025, DQProduk-003 ,395,4476,19465,31729
14042025, DQProduk-009 ,281,2395,12731,25431
14042025, DQProduk-019 ,462,4099,20366,26703
15042025, DQProduk-001 ,81,961,2986,5342
15042025, DQProduk-003 ,490,5109,27111,36833
15042025, DQProduk-009 ,161,1709,8361,12700
15042025, DQProduk-019 ,224,2282,9856,13615
16042025, DQProduk-001 ,97,994,4185,4661
16042025, DQProduk-003 ,238,2611,12026,21315
16042025, DQProduk-009 ,58,552,1840,3554
16042025, DQProduk-019 ,150,1357,5702,7138
17042025, DQProduk-001 ,35,405,1686,2572
17042025, DQProduk-003 ,122,1052,5340,6813
17042025, DQProduk-009 ,93,797,2395,4343
17042025, DQProduk-019 ,190,1862,8745,9293
18042025, DQProduk-001 ,62,587,2393,3210
18042025, DQProduk-003 ,168,1416,7698,13528
18042025, DQProduk-009 ,42,427,2161,2578
18042025, DQProduk-019 ,127,1269,3957,7177
19042025, DQProduk-001 ,94,813,4282,5502
19042025, DQProduk-003 ,93,1082,4978,6506
19042025, DQProduk-009 ,103,1218,5094,7510
19042025, DQProduk-019 ,125,1128,6358,10693
20042025, DQProduk-001 ,65,653,3405,4523
20042025, DQProduk-003 ,199,2066,8978,16003
20042025, DQProduk-009 ,84,701,2722,3534
20042025, DQProduk-019 ,178,1899,5828,6430
21042025, DQProduk-001 ,44,353,1492,2268
21042025, DQProduk-003 ,485,5093,27598,28141
21042025, DQProduk-009 ,136,1213,4504,7965
21042025, DQProduk-019 ,268,3034,16380,31368
22042025, DQProduk-001 ,177,1793,7963,12299
22042025, DQProduk-003 ,561,6566,32559,43934
22042025, DQProduk-009 ,85,882,3426,6383
22042025, DQProduk-019 ,305,3397,10391,13057
23042025, DQProduk-001 ,16,139,746,1474
23042025, DQProduk-003 ,203,2332,13975,17225
23042025, DQProduk-009 ,113,1265,5346,5584
23042025, DQProduk-019 ,184,1527,5503,7801
24042025, DQProduk-001 ,61,654,3865,3924
24042025, DQProduk-003 ,63,674,3905,5791
24042025, DQProduk-009 ,79,753,2996,4319
24042025, DQProduk-019 ,95,1068,5340,9608
25042025, DQProduk-001 ,72,626,2468,3973
25042025, DQProduk-003 ,109,927,3635,6021
25042025, DQProduk-009 ,110,882,4809,6092
25042025, DQProduk-019 ,182,2026,8209,14970
26042025, DQProduk-001 ,55,527,2355,2933
26042025, DQProduk-003 ,184,1739,6274,8202
26042025, DQProduk-009 ,186,1849,6586,6606
26042025, DQProduk-019 ,149,1666,9535,13669
27042025, DQProduk-001 ,157,1282,4826,6125
27042025, DQProduk-003 ,222,2117,10104,12361
27042025, DQProduk-009 ,101,851,3457,4781
27042025, DQProduk-019 ,384,4017,21757,35883
28042025, DQProduk-001 ,136,1468,8196,9523
28042025, DQProduk-003 ,273,2872,16469,31861
28042025, DQProduk-009 ,111,994,4652,5982
28042025, DQProduk-019 ,395,3304,15425,20937
29042025, DQProduk-001 ,130,1087,4780,8435
29042025, DQProduk-003 ,343,4094,19338,33149
29042025, DQProduk-009 ,178,1968,9785,16016
29042025, DQProduk-019 ,407,4867,26672,37096
30042025, DQProduk-001 ,183,2142,9329,12933
30042025, DQProduk-003 ,492,5115,21185,37899
30042025, DQProduk-009 ,315,3743,20954,25645
30042025, DQProduk-019 ,998,10239,35756,57938
1052025, DQProduk-001 ,95,959,3149,4447
1052025, DQProduk-003 ,224,2534,9207,9815
1052025, DQProduk-009 ,86,779,4521,6489
1052025, DQProduk-019 ,415,3538,18902,36575
2052025, DQProduk-001 ,29,273,940,1514
2052025, DQProduk-003 ,137,1393,7727,8080
2052025, DQProduk-009 ,88,945,5391,6650
2052025, DQProduk-019 ,187,2160,9446,14670
3052025, DQProduk-001 ,33,331,1289,1987
3052025, DQProduk-003 ,175,1620,7029,12757
3052025, DQProduk-009 ,154,1819,6029,9603
3052025, DQProduk-019 ,193,2120,9806,19328
4052025, DQProduk-001 ,110,1237,4084,8087
4052025, DQProduk-003 ,265,3155,15515,23903
4052025, DQProduk-009 ,42,376,1219,2121
4052025, DQProduk-019 ,189,1684,6520,11938
5052025, DQProduk-001 ,147,1475,8751,9666
5052025, DQProduk-003 ,407,3479,16618,27412
5052025, DQProduk-009 ,80,675,2310,2584
5052025, DQProduk-019 ,159,1562,6133,6939
6052025, DQProduk-001 ,129,1375,4546,5177
6052025, DQProduk-003 ,402,3620,14616,27263
6052025, DQProduk-009 ,132,1438,4317,5010
6052025, DQProduk-019 ,333,2937,14447,28408
7052025, DQProduk-001 ,41,398,1402,2580
7052025, DQProduk-003 ,198,2185,7165,14318
7052025, DQProduk-009 ,65,536,2430,4154
7052025, DQProduk-019 ,99,971,5713,6635
8052025, DQProduk-001 ,43,409,2392,3405
8052025, DQProduk-003 ,137,1624,6697,7319
8052025, DQProduk-009 ,68,774,3374,4904
8052025, DQProduk-019 ,96,1089,3693,3728
9052025, DQProduk-001 ,76,702,3377,4225
9052025, DQProduk-003 ,197,2092,9838,14536
9052025, DQProduk-009 ,83,788,2818,4985
9052025, DQProduk-019 ,230,2249,8622,12549
10052025, DQProduk-001 ,39,319,1635,2388
10052025, DQProduk-003 ,239,2001,9027,11657
10052025, DQProduk-009 ,166,1985,10351,19205
10052025, DQProduk-019 ,149,1222,5259,10471
11052025, DQProduk-001 ,106,1245,6541,8259
11052025, DQProduk-003 ,162,1870,10043,11693
11052025, DQProduk-009 ,33,289,1503,2729
11052025, DQProduk-019 ,188,1529,5977,8436
12052025, DQProduk-001 ,74,638,3768,5898
12052025, DQProduk-003 ,263,3114,13564,24952
12052025, DQProduk-009 ,243,1970,10366,16207
12052025, DQProduk-019 ,168,1440,7289,9968
13052025, DQProduk-001 ,78,685,3939,6485
13052025, DQProduk-003 ,343,3017,18001,32392
13052025, DQProduk-009 ,201,1652,6588,8887
13052025, DQProduk-019 ,325,3523,14685,28042
14052025, DQProduk-001 ,159,1699,9515,17419
14052025, DQProduk-003 ,105,969,4305,7925
14052025, DQProduk-009 ,176,2013,6100,11125
14052025, DQProduk-019 ,271,3063,16013,27843
15052025, DQProduk-001 ,45,437,1396,1679
15052025, DQProduk-003 ,183,1826,10376,19079
15052025, DQProduk-009 ,48,527,1693,1881
15052025, DQProduk-019 ,305,2464,9801,14591
16052025, DQProduk-001 ,38,386,1928,2103
16052025, DQProduk-003 ,63,682,3741,4600
16052025, DQProduk-009 ,93,1059,5904,8429
16052025, DQProduk-019 ,215,1787,5880,7943
17052025, DQProduk-001 ,65,611,3269,5236
17052025, DQProduk-003 ,27,273,1337,1602
17052025, DQProduk-009 ,117,1143,3525,4309
17052025, DQProduk-019 ,345,4022,20398,21633
18052025, DQProduk-001 ,227,1833,7592,14167
18052025, DQProduk-003 ,124,999,4508,6596
18052025, DQProduk-009 ,105,938,4340,5817
18052025, DQProduk-019 ,179,1575,4793,9562
19052025, DQProduk-001 ,185,2158,7770,15276
19052025, DQProduk-003 ,282,2519,9052,12103
19052025, DQProduk-009 ,95,827,3983,4367
19052025, DQProduk-019 ,357,3352,17417,21575
20052025, DQProduk-001 ,99,910,5222,10355
20052025, DQProduk-003 ,334,2941,10586,18370
20052025, DQProduk-009 ,304,3565,20871,32178
20052025, DQProduk-019 ,287,3226,14789,19986
21052025, DQProduk-001 ,104,1151,4218,6316
21052025, DQProduk-003 ,156,1475,6343,12336
21052025, DQProduk-009 ,70,596,2203,4374
21052025, DQProduk-019 ,228,2298,7727,14578
22052025, DQProduk-001 ,37,297,1210,2310
22052025, DQProduk-003 ,113,1039,4122,5345
22052025, DQProduk-009 ,55,622,2517,4396
22052025, DQProduk-019 ,221,2216,11540,14640
23052025, DQProduk-001 ,82,697,3334,3614
23052025, DQProduk-003 ,182,1797,7411,13396
23052025, DQProduk-009 ,38,411,2409,3745
23052025, DQProduk-019 ,153,1694,8534,15104
24052025, DQProduk-001 ,51,575,2634,4901
24052025, DQProduk-003 ,193,2261,7968,14541
24052025, DQProduk-009 ,122,1446,5421,6520
24052025, DQProduk-019 ,202,1644,5892,10243
25052025, DQProduk-001 ,115,1009,3880,5658
25052025, DQProduk-003 ,361,3160,13934,20115
25052025, DQProduk-009 ,165,1808,8178,15973
25052025, DQProduk-019 ,318,3035,13544,19045
26052025, DQProduk-001 ,69,722,3617,4242
26052025, DQProduk-003 ,323,2591,13503,23307
26052025, DQProduk-009 ,190,2221,8051,10558
26052025, DQProduk-019 ,354,2901,9871,19260
27052025, DQProduk-001 ,111,1288,6384,12319
27052025, DQProduk-003 ,292,2620,8441,12696
27052025, DQProduk-009 ,139,1242,6407,7308
27052025, DQProduk-019 ,287,2324,7134,13812
28052025, DQProduk-001 ,58,572,3291,3379
28052025, DQProduk-003 ,89,904,3456,5920
28052025, DQProduk-009 ,63,614,2744,3222
28052025, DQProduk-019 ,166,1488,8899,9165
29052025, DQProduk-001 ,70,743,2827,5273
29052025, DQProduk-003 ,78,873,4844,6600
29052025, DQProduk-009 ,89,886,3310,5208
29052025, DQProduk-019 ,165,1658,7322,9072
30052025, DQProduk-001 ,112,945,5000,9464
30052025, DQProduk-003 ,139,1550,7977,10189
30052025, DQProduk-009 ,71,816,3724,6631
30052025, DQProduk-019 ,171,1458,4693,5480
31052025, DQProduk-001 ,53,509,1894,3069
31052025, DQProduk-003 ,163,1915,6371,9066
31052025, DQProduk-009 ,106,1214,3921,4620
31052025, DQProduk-019 ,260,2474,13623,21225
1062025, DQProduk-001 ,186,1603,8971,15677
1062025, DQProduk-003 ,192,2178,11836,18772
1062025, DQProduk-009 ,88,920,3540,6548
1062025, DQProduk-019 ,277,2314,7541,8282
2062025, DQProduk-001 ,157,1365,7235,9393
2062025, DQProduk-003 ,456,4706,15807,28958
2062025, DQProduk-009 ,142,1667,8930,17503
2062025, DQProduk-019 ,273,2991,13226,25001
3062025, DQProduk-001 ,298,3137,11751,22697
3062025, DQProduk-003 ,329,3661,11370,12208
3062025, DQProduk-009 ,217,1889,8386,13229
3062025, DQProduk-019 ,284,2766,10917,12011
4062025, DQProduk-001 ,113,1285,6307,11725
4062025, DQProduk-003 ,96,1002,5499,7372
4062025, DQProduk-009 ,77,904,3381,4078
4062025, DQProduk-019 ,159,1351,6344,9406
5062025, DQProduk-001 ,74,644,3694,4086
5062025, DQProduk-003 ,128,1193,3797,5454
5062025, DQProduk-009 ,102,1170,4856,7578
5062025, DQProduk-019 ,204,1644,7231,10610
6062025, DQProduk-001 ,15,162,487,549
6062025, DQProduk-003 ,123,1336,5203,7580
6062025, DQProduk-009 ,45,417,2291,3657
6062025, DQProduk-019 ,127,1291,6100,6302
7062025, DQProduk-001 ,64,649,2856,4766
7062025, DQProduk-003 ,68,628,3046,5420
7062025, DQProduk-009 ,123,1079,5434,9509
7062025, DQProduk-019 ,154,1294,5647,8878
8062025, DQProduk-001 ,75,814,4850,8770
8062025, DQProduk-003 ,212,1847,9794,14429
8062025, DQProduk-009 ,178,1948,6607,6803
8062025, DQProduk-019 ,243,2458,11059,13788
9062025, DQProduk-001 ,162,1696,9958,17578
9062025, DQProduk-003 ,147,1637,9667,10900
9062025, DQProduk-009 ,170,1758,7353,14270
9062025, DQProduk-019 ,278,2426,11927,22005
10062025, DQProduk-001 ,127,1238,3714,7192
10062025, DQProduk-003 ,356,3375,19037,19053
10062025, DQProduk-009 ,74,875,2640,5195
10062025, DQProduk-019 ,261,2760,9146,10507
11062025, DQProduk-001 ,51,586,1858,2760
11062025, DQProduk-003 ,59,575,2001,3479
11062025, DQProduk-009 ,70,618,3622,3912
11062025, DQProduk-019 ,208,2288,8337,15051
12062025, DQProduk-001 ,58,660,3255,5849
12062025, DQProduk-003 ,129,1306,4746,7750
12062025, DQProduk-009 ,67,707,3235,4400
12062025, DQProduk-019 ,123,1348,7277,12530
13062025, DQProduk-001 ,56,631,2058,2285
13062025, DQProduk-003 ,122,1255,4196,7326
13062025, DQProduk-009 ,164,1472,7469,14782
13062025, DQProduk-019 ,239,2431,9780,11369
14062025, DQProduk-001 ,55,647,3463,5367
14062025, DQProduk-003 ,199,2319,8100,13242
14062025, DQProduk-009 ,77,863,4729,7743
14062025, DQProduk-019 ,210,2260,8272,10356
15062025, DQProduk-001 ,191,1851,9670,11353
15062025, DQProduk-003 ,414,4009,19889,23621
15062025, DQProduk-009 ,61,636,2612,4455
15062025, DQProduk-019 ,259,2888,12593,17405
16062025, DQProduk-001 ,56,499,2483,4326
16062025, DQProduk-003 ,458,4286,25403,38811
16062025, DQProduk-009 ,274,2879,16685,19460
16062025, DQProduk-019 ,284,3358,18025,31597
17062025, DQProduk-001 ,192,2294,12214,22546
17062025, DQProduk-003 ,544,4688,22293,43176
17062025, DQProduk-009 ,142,1457,5536,10155
17062025, DQProduk-019 ,278,3236,11300,19306
18062025, DQProduk-001 ,124,1146,4370,4745
18062025, DQProduk-003 ,104,1130,5159,8601
18062025, DQProduk-009 ,103,932,3525,6662
18062025, DQProduk-019 ,228,2437,8729,16298
19062025, DQProduk-001 ,38,338,1259,2143
19062025, DQProduk-003 ,115,1129,5819,9064
19062025, DQProduk-009 ,55,448,1739,2251
19062025, DQProduk-019 ,145,1268,6357,8528
20062025, DQProduk-001 ,141,1393,5717,9211
20062025, DQProduk-003 ,134,1394,5850,10547
20062025, DQProduk-009 ,86,967,4168,7700
20062025, DQProduk-019 ,88,743,3735,4538
21062025, DQProduk-001 ,90,856,5044,6549
21062025, DQProduk-003 ,250,2895,11344,17149
21062025, DQProduk-009 ,119,1195,7070,12607
21062025, DQProduk-019 ,289,3366,12801,17609
22062025, DQProduk-001 ,119,1136,5471,8120
22062025, DQProduk-003 ,144,1661,6567,8835
22062025, DQProduk-009 ,58,584,2826,5407
22062025, DQProduk-019 ,278,2601,9169,11656
23062025, DQProduk-001 ,110,1016,4770,8186
23062025, DQProduk-003 ,138,1281,4736,7146
23062025, DQProduk-009 ,168,1851,6091,6184
23062025, DQProduk-019 ,281,3107,13601,20611
24062025, DQProduk-001 ,108,888,4045,7605
24062025, DQProduk-003 ,310,2825,12892,21910
24062025, DQProduk-009 ,177,1793,5608,7702
24062025, DQProduk-019 ,211,2331,12903,20008
25062025, DQProduk-001 ,91,805,4711,6011
25062025, DQProduk-003 ,248,2621,14427,15292
25062025, DQProduk-009 ,241,2499,12679,15331
25062025, DQProduk-019 ,236,2496,11982,18753
26062025, DQProduk-001 ,58,675,2355,4278
26062025, DQProduk-003 ,128,1428,4978,8502
26062025, DQProduk-009 ,56,668,2850,4847
26062025, DQProduk-019 ,155,1462,4744,6326
27062025, DQProduk-001 ,130,1387,5135,5238
27062025, DQProduk-003 ,207,1897,8347,11695
27062025, DQProduk-009 ,111,1015,3687,5696
27062025, DQProduk-019 ,185,1647,7167,7682
28062025, DQProduk-001 ,71,806,2582,5107
28062025, DQProduk-003 ,205,1930,7703,10596
28062025, DQProduk-009 ,196,1730,5287,9412
28062025, DQProduk-019 ,183,1565,7019,13418
29062025, DQProduk-001 ,60,562,3068,5794
29062025, DQProduk-003 ,263,2491,9233,10089
29062025, DQProduk-009 ,75,638,2416,3774
29062025, DQProduk-019 ,192,1874,7576,9825
30062025, DQProduk-001 ,141,1182,6667,12186
30062025, DQProduk-003 ,247,2520,9928,13864
30062025, DQProduk-009 ,274,3260,11657,21602
30062025, DQProduk-019 ,109,1239,7006,12729
1072025, DQProduk-001 ,67,709,3248,5615
1072025, DQProduk-003 ,180,1619,4947,6615
1072025, DQProduk-009 ,158,1340,4398,5362
1072025, DQProduk-019 ,320,2740,16354,18105
2072025, DQProduk-001 ,16,186,746,922
2072025, DQProduk-003 ,167,1826,8473,15404
2072025, DQProduk-009 ,156,1597,8747,13392
2072025, DQProduk-019 ,182,1828,10056,19555
3072025, DQProduk-001 ,31,334,1673,2260
3072025, DQProduk-003 ,138,1463,4892,7229
3072025, DQProduk-009 ,107,1194,5625,8009
3072025, DQProduk-019 ,148,1386,7046,11489
4072025, DQProduk-001 ,26,241,1072,1276
4072025, DQProduk-003 ,87,919,3401,4965
4072025, DQProduk-009 ,168,1984,9136,18221
4072025, DQProduk-019 ,212,2426,14538,15951
5072025, DQProduk-001 ,44,383,2055,2985
5072025, DQProduk-003 ,233,2184,7080,11495
5072025, DQProduk-009 ,56,605,3450,5741
5072025, DQProduk-019 ,203,1730,6039,8051
6072025, DQProduk-001 ,42,499,1926,2007
6072025, DQProduk-003 ,237,2493,10583,18295
6072025, DQProduk-009 ,191,1932,8065,12082
6072025, DQProduk-019 ,139,1254,5018,5416
7072025, DQProduk-001 ,94,925,2967,5860
7072025, DQProduk-003 ,162,1861,7286,9034
7072025, DQProduk-009 ,172,1701,5613,7547
7072025, DQProduk-019 ,281,2802,12193,15071
8072025, DQProduk-001 ,52,474,1923,2884
8072025, DQProduk-003 ,172,1850,10004,11750
8072025, DQProduk-009 ,124,1345,6261,7678
8072025, DQProduk-019 ,238,2212,7105,9071
9072025, DQProduk-001 ,79,715,3047,4411
9072025, DQProduk-003 ,120,1004,3433,3559
9072025, DQProduk-009 ,136,1324,7540,13381
9072025, DQProduk-019 ,228,2485,10306,19605
10072025, DQProduk-001 ,20,213,980,1880
10072025, DQProduk-003 ,158,1719,8684,15026
10072025, DQProduk-009 ,69,714,2185,2267
10072025, DQProduk-019 ,112,1141,4018,7097
11072025, DQProduk-001 ,39,372,1896,2547
11072025, DQProduk-003 ,72,815,3415,5042
11072025, DQProduk-009 ,174,1491,7039,11374
11072025, DQProduk-019 ,108,1050,4803,5627
12072025, DQProduk-001 ,13,155,801,1184
12072025, DQProduk-003 ,125,1449,6055,7741
12072025, DQProduk-009 ,128,1197,6490,11260
12072025, DQProduk-019 ,210,1790,6027,10426
13072025, DQProduk-001 ,31,333,1662,2638
13072025, DQProduk-003 ,251,2685,12996,20308
13072025, DQProduk-009 ,59,487,2651,3625
13072025, DQProduk-019 ,211,2400,13059,14767
14072025, DQProduk-001 ,17,161,725,1296
14072025, DQProduk-003 ,234,2412,9538,11499
14072025, DQProduk-009 ,141,1368,4197,6213
14072025, DQProduk-019 ,156,1408,6951,9673
15072025, DQProduk-001 ,19,160,697,908
15072025, DQProduk-003 ,287,2975,13910,16676
15072025, DQProduk-009 ,240,2517,8128,11643
15072025, DQProduk-019 ,259,2546,9838,13638
16072025, DQProduk-001 ,3,34,194,253
16072025, DQProduk-003 ,150,1491,7522,11300
16072025, DQProduk-009 ,117,1365,6310,6877
16072025, DQProduk-019 ,160,1448,7632,11715
17072025, DQProduk-001 ,5,57,220,263
17072025, DQProduk-003 ,119,1165,6757,9176
17072025, DQProduk-009 ,62,659,3622,3650
17072025, DQProduk-019 ,207,2385,13725,16216
18072025, DQProduk-001 ,61,672,3335,6097
18072025, DQProduk-003 ,108,1041,5172,7195
18072025, DQProduk-009 ,209,1922,8139,10127
18072025, DQProduk-019 ,148,1556,7043,9512
19072025, DQProduk-001 ,45,393,1504,1854
19072025, DQProduk-003 ,164,1532,5450,6833
19072025, DQProduk-009 ,83,756,4394,7473
19072025, DQProduk-019 ,246,2755,12067,21429
20072025, DQProduk-001 ,59,698,3876,4191
20072025, DQProduk-003 ,173,1716,5606,7518
20072025, DQProduk-009 ,262,2100,10324,16480
20072025, DQProduk-019 ,190,1647,8790,16037
21072025, DQProduk-001 ,51,588,2634,2658
21072025, DQProduk-003 ,294,3049,9513,15145
21072025, DQProduk-009 ,135,1402,5653,8337
21072025, DQProduk-019 ,198,1619,6587,10141
22072025, DQProduk-001 ,76,660,3185,4284
22072025, DQProduk-003 ,398,4741,21557,40256
22072025, DQProduk-009 ,114,1106,4633,8242
22072025, DQProduk-019 ,219,2548,14953,21887
23072025, DQProduk-001 ,87,932,4635,9238
23072025, DQProduk-003 ,180,2039,7712,15309
23072025, DQProduk-009 ,74,724,3612,5990
23072025, DQProduk-019 ,210,2283,9609,14662
24072025, DQProduk-001 ,58,478,1668,2795
24072025, DQProduk-003 ,90,1007,4873,5288
24072025, DQProduk-009 ,38,347,1121,1681
24072025, DQProduk-019 ,94,975,3442,4893
25072025, DQProduk-001 ,74,859,3486,5702
25072025, DQProduk-003 ,103,1044,5519,9299
25072025, DQProduk-009 ,56,478,2796,4772
25072025, DQProduk-019 ,76,615,2721,3986
26072025, DQProduk-001 ,10,108,601,990
26072025, DQProduk-003 ,133,1203,3852,7263
26072025, DQProduk-009 ,164,1715,9027,17956
26072025, DQProduk-019 ,75,645,2175,4260
27072025, DQProduk-001 ,116,939,5400,8249
27072025, DQProduk-003 ,162,1419,5113,9405
27072025, DQProduk-009 ,100,1069,3556,4201
27072025, DQProduk-019 ,186,1681,9561,12578
28072025, DQProduk-001 ,88,963,2935,4743
28072025, DQProduk-003 ,223,1947,11398,20307
28072025, DQProduk-009 ,177,2008,10502,18509
28072025, DQProduk-019 ,158,1836,8450,16819
29072025, DQProduk-001 ,97,1090,4304,8311
29072025, DQProduk-003 ,146,1562,6207,10104
29072025, DQProduk-009 ,209,2479,9858,18338
29072025, DQProduk-019 ,283,2321,13242,23494
30072025, DQProduk-001 ,40,446,1948,2876
30072025, DQProduk-003 ,164,1427,8259,15431
30072025, DQProduk-009 ,112,969,5033,7615
30072025, DQProduk-019 ,227,2178,8710,12701
31072025, DQProduk-001 ,68,780,3795,5253
31072025, DQProduk-003 ,150,1672,6636,9960
31072025, DQProduk-009 ,180,1762,7759,15278
31072025, DQProduk-019 ,121,1287,5380,7055
1082025, DQProduk-001 ,71,757,3593,4055
1082025, DQProduk-003 ,99,923,2841,4957
1082025, DQProduk-009 ,66,751,3639,4172
1082025, DQProduk-019 ,178,2070,6562,9494
2082025, DQProduk-001 ,53,460,2107,3653
2082025, DQProduk-003 ,245,2634,8210,12752
2082025, DQProduk-009 ,82,715,2226,4341
2082025, DQProduk-019 ,56,537,3072,5524
3082025, DQProduk-001 ,47,440,1458,1717
3082025, DQProduk-003 ,127,1520,7977,15094
3082025, DQProduk-009 ,96,903,3369,4554
3082025, DQProduk-019 ,134,1265,7456,8108
4082025, DQProduk-001 ,76,661,2394,2482
4082025, DQProduk-003 ,237,2228,10936,21790
4082025, DQProduk-009 ,80,903,5070,8502
4082025, DQProduk-019 ,238,2856,9950,12029
5082025, DQProduk-001 ,29,241,1001,1627
5082025, DQProduk-003 ,178,1518,4874,8769
5082025, DQProduk-009 ,120,1194,5599,5960
5082025, DQProduk-019 ,224,2404,10793,20798
6082025, DQProduk-001 ,55,497,2274,2469
6082025, DQProduk-003 ,84,755,4330,8232
6082025, DQProduk-009 ,167,1623,7760,10886
6082025, DQProduk-019 ,182,1531,6608,10466
7082025, DQProduk-001 ,3,32,184,280
7082025, DQProduk-003 ,62,541,1897,2354
7082025, DQProduk-009 ,126,1118,4236,7071
7082025, DQProduk-019 ,61,545,2203,3245
8082025, DQProduk-001 ,31,250,1355,2009
8082025, DQProduk-003 ,198,1758,10053,19909
8082025, DQProduk-009 ,37,363,2175,2658
8082025, DQProduk-019 ,117,1213,4943,8778
9082025, DQProduk-001 ,33,369,1529,3049
9082025, DQProduk-003 ,35,406,1777,3372
9082025, DQProduk-009 ,66,667,3021,4037
9082025, DQProduk-019 ,101,834,4705,9122
10082025, DQProduk-001 ,61,713,2353,2750
10082025, DQProduk-003 ,139,1401,5136,9769
10082025, DQProduk-009 ,126,1371,7244,13154
10082025, DQProduk-019 ,94,867,4017,7588
11082025, DQProduk-001 ,113,967,4290,4880
11082025, DQProduk-003 ,63,632,2564,2986
11082025, DQProduk-009 ,69,571,3223,6345
11082025, DQProduk-019 ,317,3090,18135,23253
12082025, DQProduk-001 ,41,437,1679,2417
12082025, DQProduk-003 ,330,2869,13766,23602
12082025, DQProduk-009 ,167,1961,8378,14452
12082025, DQProduk-019 ,91,1016,3220,3804
13082025, DQProduk-001 ,36,307,1456,1647
13082025, DQProduk-003 ,57,627,3186,6252
13082025, DQProduk-009 ,181,2108,8594,15585
13082025, DQProduk-019 ,46,510,2313,3907
14082025, DQProduk-001 ,68,552,3028,4938
14082025, DQProduk-003 ,186,1524,6735,8388
14082025, DQProduk-009 ,98,882,3058,3302
14082025, DQProduk-019 ,75,870,3239,4252
15082025, DQProduk-001 ,32,269,872,1098
15082025, DQProduk-003 ,139,1196,5311,7475
15082025, DQProduk-009 ,86,899,4208,5536
15082025, DQProduk-019 ,147,1218,5335,6927
16082025, DQProduk-001 ,28,234,832,954
16082025, DQProduk-003 ,159,1320,5925,9075
16082025, DQProduk-009 ,61,532,1766,2065
16082025, DQProduk-019 ,174,1869,6344,10053
17082025, DQProduk-001 ,38,440,1811,3156
17082025, DQProduk-003 ,135,1354,8042,15912
17082025, DQProduk-009 ,113,1178,5932,6212
17082025, DQProduk-019 ,159,1579,5909,10319
18082025, DQProduk-001 ,57,593,3002,3506
18082025, DQProduk-003 ,107,1118,4225,6708
18082025, DQProduk-009 ,149,1217,5275,10401
18082025, DQProduk-019 ,214,2164,11042,11809
19082025, DQProduk-001 ,52,584,3240,5801
19082025, DQProduk-003 ,179,1896,10333,11441
19082025, DQProduk-009 ,105,1103,3901,6156
19082025, DQProduk-019 ,153,1579,7887,8493
20082025, DQProduk-001 ,59,605,2049,2628
20082025, DQProduk-003 ,52,486,1663,3050
20082025, DQProduk-009 ,60,639,2240,4229
20082025, DQProduk-019 ,56,651,2024,3938
21082025, DQProduk-001 ,54,470,2283,2640
21082025, DQProduk-003 ,55,627,2865,3409
21082025, DQProduk-009 ,18,151,551,945
21082025, DQProduk-019 ,51,446,1837,2892
22082025, DQProduk-001 ,5,51,196,302
22082025, DQProduk-003 ,75,846,3782,4869
22082025, DQProduk-009 ,65,756,4481,6724
22082025, DQProduk-019 ,91,974,5134,9145
23082025, DQProduk-001 ,119,1062,4627,5995
23082025, DQProduk-003 ,109,1060,4342,4815
23082025, DQProduk-009 ,14,113,616,637
23082025, DQProduk-019 ,51,434,1461,1886
24082025, DQProduk-001 ,43,438,1318,1614
24082025, DQProduk-003 ,59,624,2291,4528
24082025, DQProduk-009 ,111,1089,3483,3901
24082025, DQProduk-019 ,91,799,3210,5838
25082025, DQProduk-001 ,47,414,1860,3118
25082025, DQProduk-003 ,109,1050,3829,5533
25082025, DQProduk-009 ,113,1305,7315,12212
25082025, DQProduk-019 ,116,994,3174,6080
26082025, DQProduk-001 ,50,400,1220,2156
26082025, DQProduk-003 ,155,1675,6311,7182
26082025, DQProduk-009 ,150,1757,9859,17515
26082025, DQProduk-019 ,266,2446,12857,20946
27082025, DQProduk-001 ,31,324,1494,2912
27082025, DQProduk-003 ,80,927,3937,7510
27082025, DQProduk-009 ,39,382,2015,2763
27082025, DQProduk-019 ,146,1708,6770,11840
28082025, DQProduk-001 ,12,132,519,823
28082025, DQProduk-003 ,49,399,2358,4438
28082025, DQProduk-009 ,38,398,1345,2052
28082025, DQProduk-019 ,77,728,2649,5070
29082025, DQProduk-001 ,63,732,2505,2817
29082025, DQProduk-003 ,86,704,2344,3624
29082025, DQProduk-009 ,41,391,1181,1915
29082025, DQProduk-019 ,117,1143,5643,7965
30082025, DQProduk-001 ,85,708,2209,2971
30082025, DQProduk-003 ,25,276,969,1322
30082025, DQProduk-009 ,95,1017,5568,8577
30082025, DQProduk-019 ,107,1249,4397,7430
31082025, DQProduk-001 ,88,1023,3530,5740
31082025, DQProduk-003 ,79,716,3763,5695
31082025, DQProduk-009 ,73,866,3196,4333
31082025, DQProduk-019 ,162,1533,7864,13030
1092025, DQProduk-001 ,54,596,1824,3038
1092025, DQProduk-003 ,263,2131,7456,12534
1092025, DQProduk-009 ,132,1454,4643,7001
1092025, DQProduk-019 ,279,3195,9888,12640
2092025, DQProduk-001 ,81,947,4111,7071
2092025, DQProduk-003 ,187,2241,6838,13199
2092025, DQProduk-009 ,180,1659,6010,11657
2092025, DQProduk-019 ,148,1363,8128,15453
3092025, DQProduk-001 ,64,578,2095,3321
3092025, DQProduk-003 ,33,379,1215,2281
3092025, DQProduk-009 ,54,438,1995,2329
3092025, DQProduk-019 ,94,1083,4343,5661
4092025, DQProduk-001 ,60,581,2233,3662
4092025, DQProduk-003 ,105,1172,5943,10275
4092025, DQProduk-009 ,134,1607,6762,13439
4092025, DQProduk-019 ,36,350,1521,2987
5092025, DQProduk-003 ,54,604,2281,4118
5092025, DQProduk-009 ,34,373,1993,2035
5092025, DQProduk-019 ,37,340,1373,1831
6092025, DQProduk-001 ,73,639,3619,4941
6092025, DQProduk-003 ,58,550,2219,3639
6092025, DQProduk-009 ,41,340,1871,2728
6092025, DQProduk-019 ,40,382,1667,2388
7092025, DQProduk-001 ,48,561,2251,3603
7092025, DQProduk-003 ,130,1355,4305,5014
7092025, DQProduk-009 ,91,869,3234,5638
7092025, DQProduk-019 ,83,957,5155,5509
8092025, DQProduk-001 ,55,522,2056,2794
8092025, DQProduk-003 ,194,1694,6575,12143
8092025, DQProduk-009 ,123,1039,4453,4615
8092025, DQProduk-019 ,319,2886,15234,17665
9092025, DQProduk-001 ,47,413,2362,4498
9092025, DQProduk-003 ,286,2293,7959,9585
9092025, DQProduk-009 ,71,801,3295,4409
9092025, DQProduk-019 ,153,1244,4413,5670
10092025, DQProduk-001 ,25,299,1561,2298
10092025, DQProduk-003 ,80,685,4012,7370
10092025, DQProduk-009 ,15,174,1033,1903
10092025, DQProduk-019 ,55,548,2012,3239
11092025, DQProduk-001 ,8,91,329,426
11092025, DQProduk-003 ,160,1751,6513,11110
11092025, DQProduk-009 ,24,270,1181,1497
11092025, DQProduk-019 ,135,1334,6717,10616
12092025, DQProduk-001 ,102,1028,3885,5947
12092025, DQProduk-003 ,54,595,1881,1914
12092025, DQProduk-009 ,40,453,1567,2007
12092025, DQProduk-019 ,150,1553,8581,9481
13092025, DQProduk-003 ,166,1887,7020,7142
13092025, DQProduk-009 ,30,246,990,1860
13092025, DQProduk-019 ,70,708,2325,2997
14092025, DQProduk-001 ,57,633,2071,2342
14092025, DQProduk-003 ,185,1885,10287,16266
14092025, DQProduk-009 ,96,1028,4225,8074
14092025, DQProduk-019 ,103,827,2679,4033
15092025, DQProduk-001 ,77,810,4298,6139
15092025, DQProduk-003 ,298,3214,12338,14331
15092025, DQProduk-009 ,88,726,2358,3419
15092025, DQProduk-019 ,174,2027,7227,9954
16092025, DQProduk-001 ,75,810,3532,6464
16092025, DQProduk-003 ,282,3132,18426,19912
16092025, DQProduk-009 ,171,2000,8870,15537
16092025, DQProduk-019 ,364,4282,19694,20117
17092025, DQProduk-001 ,52,430,1446,2113
17092025, DQProduk-003 ,212,2249,8381,15661
17092025, DQProduk-009 ,17,192,710,1127
17092025, DQProduk-019 ,78,803,3250,5821
18092025, DQProduk-001 ,50,449,1521,2917
18092025, DQProduk-003 ,69,710,2729,4985
18092025, DQProduk-009 ,46,420,1511,2931
18092025, DQProduk-019 ,119,1352,6794,7576
19092025, DQProduk-001 ,32,346,1185,2269
19092025, DQProduk-003 ,60,528,2817,5334
19092025, DQProduk-009 ,97,781,3805,7412
19092025, DQProduk-019 ,124,1157,4511,7423
20092025, DQProduk-001 ,20,206,1055,1148
20092025, DQProduk-003 ,133,1452,6971,9613
20092025, DQProduk-009 ,47,554,2447,4183
20092025, DQProduk-019 ,121,1405,7338,8685
21092025, DQProduk-001 ,153,1738,8055,9788
21092025, DQProduk-003 ,170,1370,6538,7981
21092025, DQProduk-009 ,45,455,1449,2502
21092025, DQProduk-019 ,172,1752,10257,19459
22092025, DQProduk-001 ,64,729,2727,3061
22092025, DQProduk-003 ,381,4465,19547,23070
22092025, DQProduk-009 ,134,1307,6432,6914
22092025, DQProduk-019 ,217,2457,11422,19653
23092025, DQProduk-001 ,106,1184,4504,7211
23092025, DQProduk-003 ,293,3030,16645,32703
23092025, DQProduk-009 ,117,1328,5885,7989
23092025, DQProduk-019 ,246,2797,16421,16481
24092025, DQProduk-001 ,99,1050,5466,10153
24092025, DQProduk-003 ,72,736,2424,3327
24092025, DQProduk-009 ,76,680,2268,2849
24092025, DQProduk-019 ,113,1041,4491,8432
25092025, DQProduk-001 ,10,104,384,488
25092025, DQProduk-003 ,103,1055,6203,11195
25092025, DQProduk-009 ,70,786,4549,5271
25092025, DQProduk-019 ,85,899,5001,9404
26092025, DQProduk-001 ,34,340,1147,1562
26092025, DQProduk-003 ,153,1748,9432,18088
26092025, DQProduk-009 ,50,590,2785,4398
26092025, DQProduk-019 ,85,754,2845,4289
27092025, DQProduk-001 ,11,112,632,947
27092025, DQProduk-003 ,170,1486,8831,10389
27092025, DQProduk-009 ,74,760,3873,3934
27092025, DQProduk-019 ,238,2721,14870,19188
28092025, DQProduk-001 ,97,881,4054,5166
28092025, DQProduk-003 ,303,2815,10456,14768
28092025, DQProduk-009 ,182,1884,7606,7837
28092025, DQProduk-019 ,162,1475,6174,7730
29092025, DQProduk-001 ,73,690,2120,2997
29092025, DQProduk-003 ,376,3590,14142,19109
29092025, DQProduk-009 ,184,2171,7118,10318
29092025, DQProduk-019 ,238,2064,10417,15850
30092025, DQProduk-001 ,35,377,1937,3481
30092025, DQProduk-003 ,223,2572,15293,19529
30092025, DQProduk-009 ,125,1252,6156,8816
30092025, DQProduk-019 ,285,3366,20138,28131
